-- phpMyAdmin SQL Dump
-- version 3.5.8.1deb1
-- http://www.phpmyadmin.net
--
-- Host: localhost
-- Generation Time: Nov 04, 2013 at 09:47 PM
-- Server version: 5.5.32-0ubuntu0.13.04.1
-- PHP Version: 5.4.9-4ubuntu2.3

SET SQL_MODE="NO_AUTO_VALUE_ON_ZERO";
SET time_zone = "+00:00";


/*!40101 SET @OLD_CHARACTER_SET_CLIENT=@@CHARACTER_SET_CLIENT */;
/*!40101 SET @OLD_CHARACTER_SET_RESULTS=@@CHARACTER_SET_RESULTS */;
/*!40101 SET @OLD_COLLATION_CONNECTION=@@COLLATION_CONNECTION */;
/*!40101 SET NAMES utf8 */;

--
-- Database: `autoevalinpahu`
--

-- --------------------------------------------------------

--
-- Table structure for table `caracteristica_pregunta_proceso`
--

CREATE TABLE IF NOT EXISTS `caracteristica_pregunta_proceso` (
  `id_pregunta_proceso` int(11) NOT NULL,
  `id_caracteristica_proceso` int(11) NOT NULL,
  KEY `id_caracteristica_proceso` (`id_caracteristica_proceso`),
  KEY `id_pregunta_proceso` (`id_pregunta_proceso`)
) ENGINE=InnoDB DEFAULT CHARSET=latin1;

--
-- Dumping data for table `caracteristica_pregunta_proceso`
--

INSERT INTO `caracteristica_pregunta_proceso` (`id_pregunta_proceso`, `id_caracteristica_proceso`) VALUES
(1, 1),
(2, 1),
(6, 3),
(7, 3),
(8, 3),
(7, 12),
(8, 12);

-- --------------------------------------------------------

--
-- Table structure for table `caracteristica_proceso`
--

CREATE TABLE IF NOT EXISTS `caracteristica_proceso` (
  `id_caracteristica_proceso` int(11) NOT NULL AUTO_INCREMENT,
  `titulo` varchar(200) NOT NULL,
  `descripcion` longtext NOT NULL,
  `numero_caracteristica` int(11) NOT NULL,
  `id_factor_proceso` int(11) NOT NULL,
  PRIMARY KEY (`id_caracteristica_proceso`),
  KEY `id_factor_proceso` (`id_factor_proceso`)
) ENGINE=InnoDB  DEFAULT CHARSET=latin1 AUTO_INCREMENT=43 ;

--
-- Dumping data for table `caracteristica_proceso`
--

INSERT INTO `caracteristica_proceso` (`id_caracteristica_proceso`, `titulo`, `descripcion`, `numero_caracteristica`, `id_factor_proceso`) VALUES
(1, 'Característica 1', 'Característica 1', 1, 1),
(2, 'Característica 2', 'Característica 2', 2, 1),
(3, 'Característica 3', 'Característica 3', 3, 1),
(4, 'Característica 4', 'Característica 4', 4, 1),
(5, 'Característica 5', 'Característica 5', 5, 2),
(6, 'Característica 6', 'Característica 6', 6, 2),
(7, 'Característica 7', 'Característica 7', 7, 2),
(8, 'Característica 8', 'Característica 8', 8, 2),
(9, 'Característica 9', 'Característica 9', 9, 2),
(10, 'Característica 10', 'Característica 10', 10, 3),
(11, 'Característica 11', 'Característica 11', 11, 3),
(12, 'Característica 12', 'Característica 12', 12, 3),
(13, 'Característica 13', 'Característica 13', 13, 3),
(14, 'Característica 14', 'Característica 14', 14, 3),
(15, 'Característica 15', 'Característica 15', 15, 3),
(16, 'Característica 16', 'Característica 16', 16, 3),
(17, 'Característica 17', 'Característica 17', 17, 3),
(18, 'Característica 18', 'Característica 18', 18, 4),
(19, 'Característica 19', 'Característica 19', 19, 4),
(20, 'Característica 20', 'Característica 20', 20, 4),
(21, 'Característica 21', 'Característica 21', 21, 4),
(22, 'Característica 22', 'Característica 22', 22, 4),
(23, 'Característica 23', 'Característica 23', 23, 4),
(24, 'Característica 24', 'Característica 24', 24, 4),
(25, 'Característica 25', 'Característica 25', 25, 4),
(26, 'Característica 26', 'Característica 26', 26, 4),
(27, 'Característica 27', 'Característica 27', 27, 4),
(28, 'Característica 28', 'Característica 28', 28, 4),
(29, 'Característica 29', 'Característica 29', 29, 4),
(30, 'Característica 30', 'Característica 30', 30, 4),
(31, 'Característica 31', 'Característica 31', 31, 4),
(32, 'Característica 32', 'Característica 32', 32, 5),
(33, 'Característica 33', 'Característica 33', 33, 6),
(34, 'Característica 34', 'Característica 34', 34, 6),
(35, 'Característica 35', 'Característica 35', 35, 6),
(36, 'Característica 36', 'Característica 36', 36, 6),
(37, 'Característica 37', 'Característica 37', 37, 7),
(38, 'Característica 38', 'Característica 38', 38, 7),
(39, 'Característica 39', 'Característica 39', 39, 7),
(40, 'Característica 40', 'Característica 40', 40, 8),
(41, 'Característica 41', 'Característica 41', 41, 8),
(42, 'Característica 42', 'Característica 42', 42, 8);

-- --------------------------------------------------------

--
-- Table structure for table `factor_proceso`
--

CREATE TABLE IF NOT EXISTS `factor_proceso` (
  `id_factor_proceso` int(11) NOT NULL AUTO_INCREMENT,
  `id_proceso` int(11) NOT NULL,
  `titulo` varchar(200) NOT NULL,
  `descripcion` longtext NOT NULL,
  `numero_factor` int(11) NOT NULL,
  PRIMARY KEY (`id_factor_proceso`),
  KEY `id_proceso` (`id_proceso`)
) ENGINE=InnoDB  DEFAULT CHARSET=latin1 AUTO_INCREMENT=56 ;

--
-- Dumping data for table `factor_proceso`
--

INSERT INTO `factor_proceso` (`id_factor_proceso`, `id_proceso`, `titulo`, `descripcion`, `numero_factor`) VALUES
(1, 1, 'MISIÓN, PROYECTO INSTITUCIONAL Y DE PROGRAMA ', '', 1),
(2, 1, 'ESTUDIANTES', '', 2),
(3, 1, 'PROFESORES', '', 3),
(4, 1, 'PROCESOS ACADÉMICOS\n', '', 4),
(5, 1, 'VISIBILIDAD NACIONAL E INTERNACIONAL', '', 5),
(6, 1, 'INVESTIGACIÓN Y CREACIÓN ARTÍSTICA Y CULTURAL.', '', 6),
(7, 1, 'BIENESTAR INSTITUCIONAL', '', 7),
(8, 1, 'ORGANIZACIÓN, ADMINISTRACIÓN Y GESTIÓN', '', 8),
(9, 1, 'IMPACTO DE LOS EGRESADOS EN EL MEDIO', '', 9),
(10, 1, 'RECURSOS FÍSICOS Y FINANCIEROS', '', 10);

-- --------------------------------------------------------

--
-- Table structure for table `fuente_proceso`
--

CREATE TABLE IF NOT EXISTS `fuente_proceso` (
  `id_fuente_proceso` int(11) NOT NULL AUTO_INCREMENT,
  `nombre` varchar(200) NOT NULL,
  `descripcion` longtext NOT NULL,
  `enunciado` longtext NOT NULL,
  `id_proceso` int(11) NOT NULL,
  PRIMARY KEY (`id_fuente_proceso`),
  KEY `id_proceso` (`id_proceso`)
) ENGINE=InnoDB  DEFAULT CHARSET=latin1 AUTO_INCREMENT=11 ;

--
-- Dumping data for table `fuente_proceso`
--

INSERT INTO `fuente_proceso` (`id_fuente_proceso`, `nombre`, `descripcion`, `enunciado`, `id_proceso`) VALUES
(1, 'Estudiantes', '', 'otra cosa', 1),
(2, 'Profesores', '', 'enunciado para profesores...', 1),
(3, 'Administrativos', '', 'preguntas para administrativos', 1),
(4, 'Directivos', '', '', 1);

-- --------------------------------------------------------

--
-- Table structure for table `opciones_respuesta`
--

CREATE TABLE IF NOT EXISTS `opciones_respuesta` (
  `id_opcion` int(11) NOT NULL AUTO_INCREMENT,
  `respuesta` varchar(200) NOT NULL,
  `valor` int(11) NOT NULL,
  `id_tipo_respuesta` int(11) NOT NULL,
  PRIMARY KEY (`id_opcion`),
  KEY `id_tipo_respuesta` (`id_tipo_respuesta`)
) ENGINE=InnoDB  DEFAULT CHARSET=latin1 AUTO_INCREMENT=6 ;

--
-- Dumping data for table `opciones_respuesta`
--

INSERT INTO `opciones_respuesta` (`id_opcion`, `respuesta`, `valor`, `id_tipo_respuesta`) VALUES
(1, 'Totalmente de acuerdo', 5, 1),
(2, 'De acuerdo', 4, 1),
(3, 'Indeciso', 3, 1),
(4, 'En desacuerdo', 2, 1),
(5, 'Totalmente en Desacuerdo', 1, 1);

-- --------------------------------------------------------

--
-- Table structure for table `pregunta_fuente_proceso`
--

CREATE TABLE IF NOT EXISTS `pregunta_fuente_proceso` (
  `id_pregunta_proceso` int(11) NOT NULL,
  `id_fuente_proceso` int(11) NOT NULL,
  `orden` int(11) NOT NULL DEFAULT '0',
  PRIMARY KEY (`id_pregunta_proceso`,`id_fuente_proceso`),
  KEY `id_fuente_proceso` (`id_fuente_proceso`)
) ENGINE=InnoDB DEFAULT CHARSET=latin1;

--
-- Dumping data for table `pregunta_fuente_proceso`
--

INSERT INTO `pregunta_fuente_proceso` (`id_pregunta_proceso`, `id_fuente_proceso`, `orden`) VALUES
(1, 1, 0),
(1, 2, 0),
(1, 3, 0),
(2, 1, 1),
(6, 1, 0),
(6, 2, 0),
(6, 3, 0),
(7, 2, 1),
(7, 3, 1),
(8, 2, 2),
(8, 3, 2);

-- --------------------------------------------------------

--
-- Table structure for table `pregunta_proceso`
--

CREATE TABLE IF NOT EXISTS `pregunta_proceso` (
  `id_pregunta_proceso` int(11) NOT NULL AUTO_INCREMENT,
  `enunciado` longtext NOT NULL,
  `id_tipo_respuesta` int(11) NOT NULL,
  `id_proceso` int(11) NOT NULL,
  PRIMARY KEY (`id_pregunta_proceso`),
  KEY `id_tipo_respuesta` (`id_tipo_respuesta`),
  KEY `id_proceso` (`id_proceso`)
) ENGINE=InnoDB  DEFAULT CHARSET=latin1 AUTO_INCREMENT=46 ;

--
-- Dumping data for table `pregunta_proceso`
--

INSERT INTO `pregunta_proceso` (`id_pregunta_proceso`, `enunciado`, `id_tipo_respuesta`, `id_proceso`) VALUES
(1, 'La Misión de INPAHU está en directa concordancia con la naturaleza de la Institución, su tradición, objetivos y logros académicos en la formación integral de personas autónomas, con espiritu emprendedor, actitud investigativa, capaces de adoptar, aplicar y transferir los conocimientos científicos, técnicos y tecnológicos a sus áreas de competencia, a las nuevas condiciones empresariales y a la realidad del país.', 1, 1),
(2, 'Los procesos académicos y administrativos de INPAHU están en coherencia con su Misión y son pertinentes para garantizar su desarrollo a cabalidad.', 1, 1),
(6, 'pregunta...', 1, 1),
(7, 'pregunta otra...', 1, 1),
(8, 'pregunta otra...2', 1, 1),
(9, 'pregunta otra 3...', 1, 1);

-- --------------------------------------------------------

--
-- Table structure for table `proceso`
--

CREATE TABLE IF NOT EXISTS `proceso` (
  `id_proceso` int(11) NOT NULL AUTO_INCREMENT,
  `fecha_inicio` date NOT NULL,
  `fecha_fin` date NOT NULL,
  `id_tipo_proceso` int(11) NOT NULL,
  `descripcion` longtext NOT NULL,
  PRIMARY KEY (`id_proceso`),
  KEY `id_tipo_proceso` (`id_tipo_proceso`)
) ENGINE=InnoDB  DEFAULT CHARSET=latin1 AUTO_INCREMENT=9 ;

--
-- Dumping data for table `proceso`
--

INSERT INTO `proceso` (`id_proceso`, `fecha_inicio`, `fecha_fin`, `id_tipo_proceso`, `descripcion`) VALUES
(1, '2013-10-12', '2013-11-14', 1, 'Proceso de prueba');

-- --------------------------------------------------------

--
-- Table structure for table `respuesta`
--

CREATE TABLE IF NOT EXISTS `respuesta` (
  `id_usuario_proceso` int(11) NOT NULL,
  `id_fuente_proceso` int(11) NOT NULL,
  `id_pregunta_proceso` int(11) NOT NULL,
  `id_opcion` int(11) NOT NULL,
  PRIMARY KEY (`id_usuario_proceso`,`id_fuente_proceso`,`id_pregunta_proceso`),
  KEY `id_fuente_proceso` (`id_fuente_proceso`),
  KEY `id_pregunta_proceso` (`id_pregunta_proceso`),
  KEY `id_opcion` (`id_opcion`)
) ENGINE=InnoDB DEFAULT CHARSET=latin1;

--
-- Dumping data for table `respuesta`
--

INSERT INTO `respuesta` (`id_usuario_proceso`, `id_fuente_proceso`, `id_pregunta_proceso`, `id_opcion`) VALUES
(79628676, 2, 6, 1),
(79628676, 3, 6, 1),
(79628676, 3, 8, 1),
(79628691, 1, 2, 1),
(79628693, 1, 1, 1),
(79628696, 1, 1, 1),
(79628698, 1, 2, 1),
(79628700, 1, 1, 1),
(79628703, 1, 6, 1),
(79628704, 1, 2, 1),
(79628706, 1, 6, 1),
(79628708, 1, 2, 1),
(79628710, 1, 2, 1),
(79628712, 1, 2, 1),
(79628715, 1, 1, 1),
(79628727, 1, 2, 1),
(79628728, 1, 1, 1),
(79628729, 1, 6, 1),
(79628733, 1, 1, 1),
(79628734, 1, 6, 1),
(79628735, 1, 1, 1),
(79628736, 1, 6, 1),
(79628737, 1, 6, 1),
(79628738, 1, 6, 1),
(79628740, 1, 2, 1),
(79628740, 1, 6, 1),
(79628741, 1, 1, 1),
(79628744, 1, 1, 1),
(79628744, 1, 2, 1),
(79628745, 1, 2, 1),
(79628746, 1, 2, 1),
(79628746, 1, 6, 1),
(79628748, 1, 1, 1),
(79628749, 1, 1, 1),
(79628749, 1, 2, 1),
(79628752, 1, 2, 1),
(79628753, 1, 1, 1),
(79628755, 1, 6, 1),
(79628757, 1, 2, 1),
(79628757, 1, 6, 1),
(79628758, 1, 2, 1),
(79628759, 1, 1, 1),
(79628761, 1, 2, 1),
(79628764, 1, 1, 1),
(79628765, 1, 1, 1),
(79628766, 1, 2, 1),
(79628767, 1, 2, 1),
(79628770, 1, 1, 1),
(79628773, 1, 1, 1),
(79628775, 1, 2, 1),
(79628776, 1, 6, 1),
(79628777, 1, 1, 1),
(79628777, 1, 6, 1),
(79628781, 1, 1, 1),
(79628781, 1, 2, 1),
(79628783, 1, 6, 1),
(79628786, 1, 2, 1),
(79628788, 1, 1, 1),
(79628788, 1, 2, 1),
(79628788, 1, 6, 1),
(79628790, 1, 2, 1),
(79628790, 1, 6, 1),
(80628691, 2, 7, 1),
(80628691, 2, 8, 1),
(80628692, 2, 6, 1),
(80628693, 2, 6, 1),
(80628695, 2, 7, 1),
(80628696, 2, 8, 1),
(80628700, 2, 7, 1),
(80628700, 2, 8, 1),
(80628701, 2, 8, 1),
(80628702, 2, 6, 1),
(80628704, 2, 8, 1),
(80628705, 2, 8, 1),
(80628708, 2, 8, 1),
(80628713, 2, 7, 1),
(80628715, 2, 6, 1),
(80628716, 2, 6, 1),
(80628718, 2, 8, 1),
(80628719, 2, 7, 1),
(80628720, 2, 6, 1),
(80628720, 2, 8, 1),
(80628722, 2, 8, 1),
(80628723, 2, 8, 1),
(80628725, 2, 6, 1),
(80628726, 2, 7, 1),
(80628726, 2, 8, 1),
(80628729, 2, 6, 1),
(80628731, 2, 7, 1),
(80628734, 2, 8, 1),
(80628735, 2, 8, 1),
(80628736, 2, 7, 1),
(80628736, 2, 8, 1),
(80628740, 2, 6, 1),
(80628740, 2, 7, 1),
(80628742, 2, 8, 1),
(80628745, 2, 7, 1),
(80628748, 2, 7, 1),
(80628749, 2, 6, 1),
(80628751, 2, 6, 1),
(80628754, 2, 6, 1),
(80628754, 2, 7, 1),
(80628754, 2, 8, 1),
(80628757, 2, 8, 1),
(80628759, 2, 8, 1),
(80628760, 2, 6, 1),
(80628760, 2, 8, 1),
(80628762, 2, 6, 1),
(80628762, 2, 8, 1),
(80628765, 2, 6, 1),
(80628772, 2, 6, 1),
(80628775, 2, 6, 1),
(80628776, 2, 8, 1),
(80628777, 2, 6, 1),
(80628777, 2, 8, 1),
(80628779, 2, 6, 1),
(80628779, 2, 8, 1),
(80628780, 2, 8, 1),
(80628782, 2, 6, 1),
(80628783, 2, 8, 1),
(80628784, 2, 6, 1),
(80628784, 2, 7, 1),
(80628785, 2, 7, 1),
(80628786, 2, 6, 1),
(80628787, 2, 8, 1),
(80628788, 2, 7, 1),
(80628789, 2, 7, 1),
(90628693, 3, 7, 1),
(90628695, 3, 6, 1),
(90628695, 3, 7, 1),
(90628696, 3, 7, 1),
(90628697, 3, 7, 1),
(90628698, 3, 7, 1),
(90628699, 3, 7, 1),
(90628700, 3, 8, 1),
(90628703, 3, 6, 1),
(90628704, 3, 6, 1),
(90628705, 3, 6, 1),
(90628707, 3, 6, 1),
(90628709, 3, 8, 1),
(90628710, 3, 7, 1),
(90628711, 3, 8, 1),
(90628712, 3, 7, 1),
(90628714, 3, 8, 1),
(90628717, 3, 8, 1),
(90628718, 3, 6, 1),
(90628723, 3, 8, 1),
(90628724, 3, 6, 1),
(90628728, 3, 8, 1),
(90628729, 3, 8, 1),
(90628732, 3, 6, 1),
(90628733, 3, 6, 1),
(90628734, 3, 8, 1),
(90628736, 3, 8, 1),
(90628737, 3, 8, 1),
(90628741, 3, 8, 1),
(90628744, 3, 7, 1),
(90628748, 3, 8, 1),
(90628749, 3, 7, 1),
(90628751, 3, 8, 1),
(90628752, 3, 6, 1),
(90628752, 3, 7, 1),
(90628754, 3, 6, 1),
(90628755, 3, 7, 1),
(90628758, 3, 7, 1),
(90628760, 3, 6, 1),
(90628760, 3, 8, 1),
(90628763, 3, 8, 1),
(90628770, 3, 6, 1),
(90628770, 3, 7, 1),
(90628771, 3, 6, 1),
(90628771, 3, 8, 1),
(90628772, 3, 7, 1),
(90628774, 3, 7, 1),
(90628778, 3, 8, 1),
(90628779, 3, 6, 1),
(90628779, 3, 8, 1),
(90628780, 3, 8, 1),
(90628781, 3, 7, 1),
(90628783, 3, 7, 1),
(90628785, 3, 6, 1),
(90628786, 3, 6, 1),
(90628787, 3, 7, 1),
(90628789, 3, 6, 1),
(90628790, 3, 6, 1),
(90628790, 3, 8, 1),
(91628691, 1, 1, 1),
(91628692, 3, 8, 1),
(91628693, 2, 8, 1),
(91628694, 1, 2, 1),
(91628694, 3, 1, 1),
(91628694, 3, 6, 1),
(91628695, 1, 6, 1),
(91628695, 3, 8, 1),
(91628696, 1, 1, 1),
(91628696, 1, 2, 1),
(91628697, 1, 1, 1),
(91628698, 1, 1, 1),
(91628698, 3, 1, 1),
(91628699, 3, 1, 1),
(91628699, 3, 6, 1),
(91628699, 3, 7, 1),
(91628700, 2, 8, 1),
(91628701, 1, 1, 1),
(91628701, 1, 6, 1),
(91628701, 2, 6, 1),
(91628702, 2, 8, 1),
(91628702, 3, 6, 1),
(91628702, 3, 8, 1),
(91628703, 1, 6, 1),
(91628703, 3, 6, 1),
(91628704, 1, 2, 1),
(91628704, 1, 6, 1),
(91628704, 3, 6, 1),
(91628704, 3, 8, 1),
(91628705, 2, 6, 1),
(91628705, 2, 7, 1),
(91628706, 1, 6, 1),
(91628706, 2, 7, 1),
(91628706, 3, 6, 1),
(91628707, 1, 1, 1),
(91628707, 1, 6, 1),
(91628709, 1, 6, 1),
(91628709, 3, 1, 1),
(91628709, 3, 6, 1),
(91628710, 3, 8, 1),
(91628712, 2, 8, 1),
(91628712, 3, 6, 1),
(91628712, 3, 8, 1),
(91628713, 2, 8, 1),
(91628714, 3, 6, 1),
(91628714, 3, 7, 1),
(91628714, 3, 8, 1),
(91628715, 1, 6, 1),
(91628715, 2, 1, 1),
(91628716, 2, 6, 1),
(91628716, 2, 7, 1),
(91628717, 3, 7, 1),
(91628718, 3, 6, 1),
(91628718, 3, 7, 1),
(91628719, 1, 2, 1),
(91628719, 2, 6, 1),
(91628719, 2, 8, 1),
(91628720, 1, 1, 1),
(91628720, 3, 6, 1),
(91628721, 2, 1, 1),
(91628722, 3, 8, 1),
(91628723, 2, 1, 1),
(91628724, 1, 1, 1),
(91628724, 1, 6, 1),
(91628724, 2, 7, 1),
(91628724, 3, 8, 1),
(91628725, 1, 2, 1),
(91628726, 3, 7, 1),
(91628726, 3, 8, 1),
(91628727, 1, 6, 1),
(91628727, 2, 7, 1),
(91628728, 2, 1, 1),
(91628728, 2, 8, 1),
(91628729, 3, 7, 1),
(91628730, 2, 1, 1),
(91628730, 2, 6, 1),
(91628730, 2, 8, 1),
(91628730, 3, 8, 1),
(91628731, 2, 1, 1),
(91628731, 3, 7, 1),
(91628732, 2, 6, 1),
(91628732, 2, 8, 1),
(91628732, 3, 8, 1),
(91628733, 1, 2, 1),
(91628733, 3, 1, 1),
(91628733, 3, 7, 1),
(91628734, 1, 1, 1),
(91628734, 3, 6, 1),
(91628735, 1, 2, 1),
(91628735, 2, 1, 1),
(91628735, 2, 8, 1),
(91628735, 3, 8, 1),
(91628737, 2, 6, 1),
(91628738, 2, 7, 1),
(91628739, 1, 1, 1),
(91628739, 2, 6, 1),
(91628739, 3, 1, 1),
(91628740, 2, 1, 1),
(91628740, 2, 6, 1),
(91628740, 3, 6, 1),
(91628741, 1, 2, 1),
(91628741, 3, 7, 1),
(91628742, 1, 1, 1),
(91628742, 1, 6, 1),
(91628742, 2, 7, 1),
(91628742, 3, 8, 1),
(91628743, 1, 6, 1),
(91628743, 3, 1, 1),
(91628743, 3, 7, 1),
(91628744, 3, 1, 1),
(91628745, 2, 8, 1),
(91628745, 3, 1, 1),
(91628745, 3, 7, 1),
(91628746, 3, 6, 1),
(91628746, 3, 7, 1),
(91628747, 1, 6, 1),
(91628747, 3, 7, 1),
(91628748, 3, 8, 1),
(91628749, 1, 6, 1),
(91628749, 2, 1, 1),
(91628749, 3, 1, 1),
(91628750, 2, 8, 1),
(91628751, 1, 6, 1),
(91628751, 2, 8, 1),
(91628752, 2, 1, 1),
(91628752, 2, 6, 1),
(91628752, 2, 8, 1),
(91628752, 3, 6, 1),
(91628752, 3, 7, 1),
(91628753, 3, 7, 1),
(91628753, 3, 8, 1),
(91628754, 3, 8, 1),
(91628755, 1, 1, 1),
(91628756, 2, 6, 1),
(91628757, 1, 1, 1),
(91628757, 2, 7, 1),
(91628757, 2, 8, 1),
(91628757, 3, 1, 1),
(91628757, 3, 7, 1),
(91628758, 1, 6, 1),
(91628758, 3, 8, 1),
(91628759, 1, 2, 1),
(91628759, 2, 6, 1),
(91628759, 2, 8, 1),
(91628760, 1, 1, 1),
(91628760, 2, 7, 1),
(91628760, 3, 7, 1),
(91628760, 3, 8, 1),
(91628761, 2, 8, 1),
(91628761, 3, 1, 1),
(91628761, 3, 6, 1),
(91628761, 3, 7, 1),
(91628762, 1, 2, 1),
(91628762, 2, 1, 1),
(91628762, 3, 8, 1),
(91628763, 2, 7, 1),
(91628763, 3, 6, 1),
(91628763, 3, 8, 1),
(91628765, 2, 1, 1),
(91628765, 2, 8, 1),
(91628766, 1, 2, 1),
(91628766, 3, 6, 1),
(91628767, 1, 6, 1),
(91628768, 2, 7, 1),
(91628768, 3, 6, 1),
(91628769, 1, 1, 1),
(91628769, 1, 6, 1),
(91628769, 2, 6, 1),
(91628770, 2, 7, 1),
(91628771, 2, 6, 1),
(91628771, 2, 7, 1),
(91628772, 1, 1, 1),
(91628772, 2, 1, 1),
(91628772, 2, 6, 1),
(91628772, 3, 1, 1),
(91628772, 3, 6, 1),
(91628772, 3, 7, 1),
(91628773, 1, 2, 1),
(91628773, 2, 1, 1),
(91628774, 1, 2, 1),
(91628774, 2, 8, 1),
(91628775, 1, 6, 1),
(91628775, 2, 6, 1),
(91628775, 2, 8, 1),
(91628776, 3, 1, 1),
(91628776, 3, 6, 1),
(91628777, 2, 6, 1),
(91628777, 3, 6, 1),
(91628777, 3, 8, 1),
(91628778, 1, 1, 1),
(91628779, 2, 7, 1),
(91628779, 3, 7, 1),
(91628779, 3, 8, 1),
(91628780, 2, 7, 1),
(91628781, 1, 6, 1),
(91628782, 2, 1, 1),
(91628783, 1, 2, 1),
(91628783, 2, 6, 1),
(91628784, 1, 1, 1),
(91628784, 2, 6, 1),
(91628784, 3, 7, 1),
(91628785, 3, 6, 1),
(91628786, 2, 6, 1),
(91628786, 2, 8, 1),
(91628786, 3, 6, 1),
(91628787, 1, 1, 1),
(91628787, 2, 7, 1),
(91628788, 1, 6, 1),
(91628788, 2, 6, 1),
(91628789, 2, 6, 1),
(91628790, 2, 7, 1),
(91628790, 3, 7, 1),
(79628676, 2, 8, 2),
(79628695, 1, 6, 2),
(79628699, 1, 2, 2),
(79628700, 1, 2, 2),
(79628702, 1, 1, 2),
(79628702, 1, 2, 2),
(79628702, 1, 6, 2),
(79628703, 1, 1, 2),
(79628704, 1, 1, 2),
(79628705, 1, 6, 2),
(79628706, 1, 1, 2),
(79628709, 1, 1, 2),
(79628710, 1, 6, 2),
(79628711, 1, 1, 2),
(79628712, 1, 6, 2),
(79628713, 1, 1, 2),
(79628713, 1, 2, 2),
(79628714, 1, 1, 2),
(79628715, 1, 6, 2),
(79628716, 1, 1, 2),
(79628717, 1, 1, 2),
(79628717, 1, 6, 2),
(79628718, 1, 2, 2),
(79628719, 1, 6, 2),
(79628720, 1, 1, 2),
(79628721, 1, 6, 2),
(79628722, 1, 6, 2),
(79628724, 1, 2, 2),
(79628724, 1, 6, 2),
(79628725, 1, 2, 2),
(79628727, 1, 6, 2),
(79628729, 1, 2, 2),
(79628731, 1, 2, 2),
(79628731, 1, 6, 2),
(79628739, 1, 2, 2),
(79628739, 1, 6, 2),
(79628741, 1, 6, 2),
(79628742, 1, 1, 2),
(79628742, 1, 2, 2),
(79628742, 1, 6, 2),
(79628743, 1, 1, 2),
(79628743, 1, 2, 2),
(79628745, 1, 1, 2),
(79628745, 1, 6, 2),
(79628748, 1, 6, 2),
(79628751, 1, 6, 2),
(79628753, 1, 2, 2),
(79628754, 1, 2, 2),
(79628756, 1, 2, 2),
(79628756, 1, 6, 2),
(79628759, 1, 2, 2),
(79628761, 1, 1, 2),
(79628761, 1, 6, 2),
(79628762, 1, 6, 2),
(79628763, 1, 1, 2),
(79628765, 1, 2, 2),
(79628765, 1, 6, 2),
(79628766, 1, 1, 2),
(79628769, 1, 1, 2),
(79628775, 1, 1, 2),
(79628776, 1, 2, 2),
(79628778, 1, 2, 2),
(79628782, 1, 6, 2),
(79628784, 1, 1, 2),
(79628784, 1, 2, 2),
(79628786, 1, 6, 2),
(79628787, 1, 2, 2),
(79628790, 1, 1, 2),
(80628692, 2, 8, 2),
(80628693, 2, 8, 2),
(80628694, 2, 6, 2),
(80628696, 2, 7, 2),
(80628698, 2, 7, 2),
(80628699, 2, 7, 2),
(80628699, 2, 8, 2),
(80628700, 2, 6, 2),
(80628704, 2, 7, 2),
(80628706, 2, 8, 2),
(80628708, 2, 7, 2),
(80628709, 2, 6, 2),
(80628709, 2, 7, 2),
(80628715, 2, 7, 2),
(80628715, 2, 8, 2),
(80628717, 2, 7, 2),
(80628718, 2, 6, 2),
(80628722, 2, 6, 2),
(80628724, 2, 6, 2),
(80628725, 2, 8, 2),
(80628727, 2, 6, 2),
(80628728, 2, 8, 2),
(80628729, 2, 7, 2),
(80628730, 2, 8, 2),
(80628732, 2, 6, 2),
(80628732, 2, 8, 2),
(80628733, 2, 6, 2),
(80628733, 2, 7, 2),
(80628733, 2, 8, 2),
(80628737, 2, 7, 2),
(80628738, 2, 6, 2),
(80628738, 2, 7, 2),
(80628739, 2, 7, 2),
(80628740, 2, 8, 2),
(80628742, 2, 6, 2),
(80628743, 2, 7, 2),
(80628743, 2, 8, 2),
(80628748, 2, 8, 2),
(80628751, 2, 7, 2),
(80628751, 2, 8, 2),
(80628752, 2, 8, 2),
(80628753, 2, 7, 2),
(80628755, 2, 8, 2),
(80628756, 2, 8, 2),
(80628757, 2, 6, 2),
(80628758, 2, 6, 2),
(80628758, 2, 8, 2),
(80628760, 2, 7, 2),
(80628762, 2, 7, 2),
(80628766, 2, 8, 2),
(80628767, 2, 8, 2),
(80628768, 2, 7, 2),
(80628769, 2, 6, 2),
(80628769, 2, 8, 2),
(80628771, 2, 8, 2),
(80628773, 2, 6, 2),
(80628773, 2, 7, 2),
(80628774, 2, 7, 2),
(80628775, 2, 7, 2),
(80628778, 2, 6, 2),
(80628778, 2, 8, 2),
(80628780, 2, 6, 2),
(80628780, 2, 7, 2),
(80628783, 2, 7, 2),
(80628787, 2, 6, 2),
(80628788, 2, 6, 2),
(90628691, 3, 6, 2),
(90628691, 3, 7, 2),
(90628692, 3, 7, 2),
(90628696, 3, 6, 2),
(90628696, 3, 8, 2),
(90628698, 3, 6, 2),
(90628700, 3, 7, 2),
(90628701, 3, 6, 2),
(90628701, 3, 8, 2),
(90628710, 3, 6, 2),
(90628711, 3, 7, 2),
(90628713, 3, 6, 2),
(90628713, 3, 7, 2),
(90628714, 3, 7, 2),
(90628716, 3, 7, 2),
(90628717, 3, 6, 2),
(90628719, 3, 8, 2),
(90628720, 3, 7, 2),
(90628725, 3, 6, 2),
(90628725, 3, 7, 2),
(90628726, 3, 8, 2),
(90628729, 3, 6, 2),
(90628731, 3, 6, 2),
(90628731, 3, 7, 2),
(90628731, 3, 8, 2),
(90628733, 3, 7, 2),
(90628733, 3, 8, 2),
(90628734, 3, 6, 2),
(90628735, 3, 8, 2),
(90628738, 3, 7, 2),
(90628743, 3, 6, 2),
(90628743, 3, 8, 2),
(90628745, 3, 8, 2),
(90628746, 3, 6, 2),
(90628747, 3, 6, 2),
(90628748, 3, 6, 2),
(90628748, 3, 7, 2),
(90628749, 3, 6, 2),
(90628750, 3, 6, 2),
(90628750, 3, 8, 2),
(90628751, 3, 7, 2),
(90628754, 3, 7, 2),
(90628756, 3, 7, 2),
(90628758, 3, 6, 2),
(90628758, 3, 8, 2),
(90628759, 3, 6, 2),
(90628759, 3, 8, 2),
(90628764, 3, 8, 2),
(90628765, 3, 6, 2),
(90628765, 3, 8, 2),
(90628766, 3, 6, 2),
(90628767, 3, 7, 2),
(90628767, 3, 8, 2),
(90628768, 3, 8, 2),
(90628773, 3, 6, 2),
(90628774, 3, 6, 2),
(90628774, 3, 8, 2),
(90628776, 3, 8, 2),
(90628777, 3, 7, 2),
(90628784, 3, 7, 2),
(90628786, 3, 8, 2),
(90628787, 3, 6, 2),
(90628789, 3, 8, 2),
(91628692, 1, 2, 2),
(91628692, 2, 6, 2),
(91628692, 2, 7, 2),
(91628692, 3, 7, 2),
(91628693, 2, 1, 2),
(91628693, 3, 1, 2),
(91628695, 2, 1, 2),
(91628696, 1, 6, 2),
(91628696, 2, 6, 2),
(91628696, 2, 7, 2),
(91628697, 2, 7, 2),
(91628697, 2, 8, 2),
(91628697, 3, 7, 2),
(91628698, 1, 2, 2),
(91628698, 2, 6, 2),
(91628698, 3, 6, 2),
(91628700, 1, 2, 2),
(91628700, 1, 6, 2),
(91628700, 3, 6, 2),
(91628701, 2, 7, 2),
(91628701, 3, 1, 2),
(91628701, 3, 7, 2),
(91628701, 3, 8, 2),
(91628702, 1, 2, 2),
(91628702, 3, 7, 2),
(91628703, 1, 2, 2),
(91628703, 2, 6, 2),
(91628703, 2, 8, 2),
(91628703, 3, 7, 2),
(91628704, 3, 7, 2),
(91628705, 2, 8, 2),
(91628706, 2, 8, 2),
(91628706, 3, 7, 2),
(91628707, 3, 1, 2),
(91628707, 3, 6, 2),
(91628708, 1, 6, 2),
(91628708, 2, 6, 2),
(91628708, 2, 8, 2),
(91628709, 2, 8, 2),
(91628709, 3, 7, 2),
(91628710, 1, 2, 2),
(91628710, 1, 6, 2),
(91628710, 2, 7, 2),
(91628710, 3, 1, 2),
(91628711, 2, 8, 2),
(91628711, 3, 6, 2),
(91628712, 1, 2, 2),
(91628712, 1, 6, 2),
(91628712, 2, 7, 2),
(91628712, 3, 1, 2),
(91628713, 1, 1, 2),
(91628713, 3, 8, 2),
(91628714, 2, 1, 2),
(91628714, 2, 7, 2),
(91628715, 1, 2, 2),
(91628715, 2, 6, 2),
(91628715, 3, 8, 2),
(91628716, 1, 2, 2),
(91628716, 2, 8, 2),
(91628716, 3, 1, 2),
(91628716, 3, 7, 2),
(91628716, 3, 8, 2),
(91628717, 1, 2, 2),
(91628717, 1, 6, 2),
(91628718, 1, 2, 2),
(91628718, 2, 7, 2),
(91628718, 2, 8, 2),
(91628718, 3, 8, 2),
(91628719, 3, 1, 2),
(91628719, 3, 7, 2),
(91628720, 2, 7, 2),
(91628720, 2, 8, 2),
(91628720, 3, 8, 2),
(91628722, 1, 1, 2),
(91628723, 2, 7, 2),
(91628723, 3, 7, 2),
(91628724, 2, 6, 2),
(91628724, 3, 1, 2),
(91628724, 3, 7, 2),
(91628725, 2, 1, 2),
(91628726, 2, 1, 2),
(91628727, 1, 2, 2),
(91628727, 2, 6, 2),
(91628727, 3, 6, 2),
(91628728, 3, 6, 2),
(91628729, 2, 1, 2),
(91628729, 2, 6, 2),
(91628729, 3, 8, 2),
(91628730, 1, 6, 2),
(91628731, 1, 1, 2),
(91628731, 1, 2, 2),
(91628732, 3, 1, 2),
(91628733, 1, 6, 2),
(91628734, 1, 2, 2),
(91628734, 2, 1, 2),
(91628734, 2, 8, 2),
(91628734, 3, 8, 2),
(91628735, 1, 1, 2),
(91628735, 3, 6, 2),
(91628736, 2, 1, 2),
(91628736, 2, 7, 2),
(91628737, 3, 1, 2),
(91628738, 2, 1, 2),
(91628738, 2, 8, 2),
(91628738, 3, 1, 2),
(91628738, 3, 6, 2),
(91628739, 2, 7, 2),
(91628739, 3, 7, 2),
(91628739, 3, 8, 2),
(91628740, 1, 6, 2),
(91628741, 1, 1, 2),
(91628741, 3, 8, 2),
(91628742, 2, 1, 2),
(91628742, 2, 8, 2),
(91628743, 1, 2, 2),
(91628743, 2, 1, 2),
(91628744, 2, 7, 2),
(91628744, 3, 7, 2),
(91628745, 2, 7, 2),
(91628745, 3, 6, 2),
(91628746, 1, 2, 2),
(91628746, 2, 8, 2),
(91628747, 3, 8, 2),
(91628749, 1, 1, 2),
(91628749, 2, 6, 2),
(91628749, 2, 7, 2),
(91628749, 2, 8, 2),
(91628749, 3, 7, 2),
(91628751, 2, 6, 2),
(91628751, 3, 1, 2),
(91628753, 1, 6, 2),
(91628753, 2, 7, 2),
(91628753, 3, 6, 2),
(91628754, 1, 2, 2),
(91628754, 2, 1, 2),
(91628754, 3, 1, 2),
(91628754, 3, 6, 2),
(91628755, 1, 6, 2),
(91628755, 3, 8, 2),
(91628756, 3, 1, 2),
(91628756, 3, 6, 2),
(91628757, 1, 2, 2),
(91628757, 2, 1, 2),
(91628757, 2, 6, 2),
(91628758, 1, 1, 2),
(91628758, 2, 7, 2),
(91628758, 2, 8, 2),
(91628760, 2, 1, 2),
(91628760, 2, 8, 2),
(91628761, 3, 8, 2),
(91628762, 3, 1, 2),
(91628763, 2, 8, 2),
(91628764, 1, 2, 2),
(91628764, 1, 6, 2),
(91628764, 3, 1, 2),
(91628765, 1, 6, 2),
(91628766, 2, 6, 2),
(91628766, 2, 7, 2),
(91628767, 1, 1, 2),
(91628767, 1, 2, 2),
(91628767, 3, 8, 2),
(91628768, 3, 1, 2),
(91628768, 3, 7, 2),
(91628768, 3, 8, 2),
(91628769, 2, 1, 2),
(91628769, 3, 1, 2),
(91628770, 3, 6, 2),
(91628770, 3, 8, 2),
(91628771, 3, 1, 2),
(91628771, 3, 6, 2),
(91628772, 1, 2, 2),
(91628772, 2, 7, 2),
(91628772, 2, 8, 2),
(91628773, 1, 6, 2),
(91628773, 2, 6, 2),
(91628773, 2, 7, 2),
(91628773, 3, 8, 2),
(91628774, 2, 7, 2),
(91628774, 3, 6, 2),
(91628776, 1, 1, 2),
(91628776, 1, 6, 2),
(91628776, 2, 8, 2),
(91628776, 3, 7, 2),
(91628776, 3, 8, 2),
(91628778, 1, 6, 2),
(91628778, 3, 1, 2),
(91628780, 3, 6, 2),
(91628781, 1, 2, 2),
(91628782, 1, 1, 2),
(91628782, 3, 8, 2),
(91628783, 3, 7, 2),
(91628785, 1, 6, 2),
(91628785, 2, 1, 2),
(91628786, 2, 1, 2),
(91628786, 2, 7, 2),
(91628787, 2, 6, 2),
(91628789, 1, 1, 2),
(91628790, 1, 1, 2),
(91628790, 2, 6, 2),
(91628790, 3, 1, 2),
(91628790, 3, 8, 2),
(79628676, 1, 2, 3),
(79628676, 3, 7, 3),
(79628691, 1, 1, 3),
(79628694, 1, 1, 3),
(79628694, 1, 2, 3),
(79628695, 1, 1, 3),
(79628696, 1, 6, 3),
(79628697, 1, 2, 3),
(79628699, 1, 6, 3),
(79628700, 1, 6, 3),
(79628701, 1, 6, 3),
(79628703, 1, 2, 3),
(79628705, 1, 2, 3),
(79628707, 1, 2, 3),
(79628707, 1, 6, 3),
(79628708, 1, 6, 3),
(79628715, 1, 2, 3),
(79628718, 1, 6, 3),
(79628719, 1, 1, 3),
(79628719, 1, 2, 3),
(79628720, 1, 2, 3),
(79628720, 1, 6, 3),
(79628722, 1, 1, 3),
(79628725, 1, 1, 3),
(79628728, 1, 6, 3),
(79628729, 1, 1, 3),
(79628730, 1, 6, 3),
(79628731, 1, 1, 3),
(79628734, 1, 2, 3),
(79628735, 1, 6, 3),
(79628737, 1, 2, 3),
(79628739, 1, 1, 3),
(79628740, 1, 1, 3),
(79628741, 1, 2, 3),
(79628744, 1, 6, 3),
(79628749, 1, 6, 3),
(79628750, 1, 1, 3),
(79628751, 1, 1, 3),
(79628752, 1, 6, 3),
(79628755, 1, 1, 3),
(79628755, 1, 2, 3),
(79628760, 1, 6, 3),
(79628763, 1, 6, 3),
(79628766, 1, 6, 3),
(79628767, 1, 1, 3),
(79628768, 1, 1, 3),
(79628770, 1, 2, 3),
(79628771, 1, 1, 3),
(79628772, 1, 2, 3),
(79628774, 1, 1, 3),
(79628774, 1, 6, 3),
(79628776, 1, 1, 3),
(79628779, 1, 1, 3),
(79628779, 1, 2, 3),
(79628779, 1, 6, 3),
(79628780, 1, 1, 3),
(79628780, 1, 2, 3),
(79628785, 1, 2, 3),
(79628789, 1, 2, 3),
(79628789, 1, 6, 3),
(80628692, 2, 7, 3),
(80628695, 2, 6, 3),
(80628697, 2, 6, 3),
(80628697, 2, 7, 3),
(80628698, 2, 6, 3),
(80628703, 2, 6, 3),
(80628703, 2, 8, 3),
(80628705, 2, 6, 3),
(80628706, 2, 6, 3),
(80628706, 2, 7, 3),
(80628707, 2, 6, 3),
(80628708, 2, 6, 3),
(80628709, 2, 8, 3),
(80628710, 2, 7, 3),
(80628711, 2, 7, 3),
(80628711, 2, 8, 3),
(80628712, 2, 8, 3),
(80628713, 2, 6, 3),
(80628713, 2, 8, 3),
(80628717, 2, 6, 3),
(80628719, 2, 6, 3),
(80628719, 2, 8, 3),
(80628721, 2, 7, 3),
(80628721, 2, 8, 3),
(80628722, 2, 7, 3),
(80628726, 2, 6, 3),
(80628727, 2, 7, 3),
(80628727, 2, 8, 3),
(80628729, 2, 8, 3),
(80628730, 2, 7, 3),
(80628732, 2, 7, 3),
(80628734, 2, 6, 3),
(80628735, 2, 6, 3),
(80628737, 2, 8, 3),
(80628738, 2, 8, 3),
(80628741, 2, 6, 3),
(80628741, 2, 8, 3),
(80628743, 2, 6, 3),
(80628748, 2, 6, 3),
(80628753, 2, 8, 3),
(80628758, 2, 7, 3),
(80628759, 2, 6, 3),
(80628759, 2, 7, 3),
(80628761, 2, 7, 3),
(80628761, 2, 8, 3),
(80628763, 2, 6, 3),
(80628763, 2, 8, 3),
(80628764, 2, 8, 3),
(80628765, 2, 8, 3),
(80628766, 2, 6, 3),
(80628770, 2, 6, 3),
(80628771, 2, 6, 3),
(80628772, 2, 8, 3),
(80628773, 2, 8, 3),
(80628774, 2, 8, 3),
(80628775, 2, 8, 3),
(80628778, 2, 7, 3),
(80628784, 2, 8, 3),
(80628786, 2, 8, 3),
(80628789, 2, 8, 3),
(80628790, 2, 7, 3),
(90628691, 3, 8, 3),
(90628692, 3, 8, 3),
(90628698, 3, 8, 3),
(90628704, 3, 7, 3),
(90628705, 3, 7, 3),
(90628707, 3, 7, 3),
(90628709, 3, 6, 3),
(90628709, 3, 7, 3),
(90628710, 3, 8, 3),
(90628711, 3, 6, 3),
(90628715, 3, 7, 3),
(90628716, 3, 6, 3),
(90628716, 3, 8, 3),
(90628717, 3, 7, 3),
(90628718, 3, 7, 3),
(90628720, 3, 8, 3),
(90628721, 3, 6, 3),
(90628722, 3, 6, 3),
(90628722, 3, 7, 3),
(90628723, 3, 6, 3),
(90628724, 3, 8, 3),
(90628727, 3, 6, 3),
(90628728, 3, 6, 3),
(90628730, 3, 8, 3),
(90628734, 3, 7, 3),
(90628736, 3, 7, 3),
(90628740, 3, 7, 3),
(90628741, 3, 6, 3),
(90628746, 3, 7, 3),
(90628747, 3, 7, 3),
(90628753, 3, 7, 3),
(90628756, 3, 8, 3),
(90628759, 3, 7, 3),
(90628761, 3, 6, 3),
(90628761, 3, 8, 3),
(90628762, 3, 6, 3),
(90628762, 3, 8, 3),
(90628763, 3, 6, 3),
(90628764, 3, 6, 3),
(90628765, 3, 7, 3),
(90628766, 3, 7, 3),
(90628768, 3, 7, 3),
(90628770, 3, 8, 3),
(90628773, 3, 8, 3),
(90628775, 3, 6, 3),
(90628775, 3, 7, 3),
(90628777, 3, 6, 3),
(90628777, 3, 8, 3),
(90628781, 3, 6, 3),
(90628782, 3, 6, 3),
(90628783, 3, 6, 3),
(90628785, 3, 8, 3),
(90628787, 3, 8, 3),
(90628788, 3, 8, 3),
(91628691, 3, 1, 3),
(91628691, 3, 8, 3),
(91628692, 1, 6, 3),
(91628692, 3, 6, 3),
(91628693, 1, 6, 3),
(91628693, 3, 8, 3),
(91628694, 2, 6, 3),
(91628695, 1, 1, 3),
(91628695, 2, 8, 3),
(91628695, 3, 1, 3),
(91628696, 2, 8, 3),
(91628696, 3, 6, 3),
(91628696, 3, 8, 3),
(91628697, 2, 1, 3),
(91628698, 3, 7, 3),
(91628698, 3, 8, 3),
(91628699, 2, 6, 3),
(91628699, 2, 7, 3),
(91628700, 2, 7, 3),
(91628701, 1, 2, 3),
(91628701, 2, 8, 3),
(91628702, 1, 6, 3),
(91628702, 2, 7, 3),
(91628703, 1, 1, 3),
(91628703, 2, 7, 3),
(91628704, 2, 1, 3),
(91628704, 3, 1, 3),
(91628705, 1, 2, 3),
(91628705, 2, 1, 3),
(91628705, 3, 6, 3),
(91628706, 1, 2, 3),
(91628706, 2, 1, 3),
(91628707, 2, 1, 3),
(91628707, 2, 6, 3),
(91628707, 2, 8, 3),
(91628708, 2, 1, 3),
(91628708, 3, 6, 3),
(91628709, 1, 2, 3),
(91628709, 2, 1, 3),
(91628710, 1, 1, 3),
(91628710, 2, 6, 3),
(91628710, 2, 8, 3),
(91628710, 3, 6, 3),
(91628711, 1, 2, 3),
(91628711, 3, 1, 3),
(91628712, 2, 6, 3),
(91628713, 2, 6, 3),
(91628713, 2, 7, 3),
(91628713, 3, 1, 3),
(91628714, 1, 1, 3),
(91628714, 2, 6, 3),
(91628715, 2, 7, 3),
(91628715, 3, 1, 3),
(91628716, 1, 1, 3),
(91628717, 2, 7, 3),
(91628717, 3, 6, 3),
(91628718, 2, 1, 3),
(91628719, 1, 6, 3),
(91628719, 2, 1, 3),
(91628719, 2, 7, 3),
(91628720, 2, 1, 3),
(91628721, 1, 1, 3),
(91628721, 1, 2, 3),
(91628721, 1, 6, 3),
(91628721, 2, 7, 3),
(91628721, 2, 8, 3),
(91628721, 3, 6, 3),
(91628722, 1, 2, 3),
(91628722, 2, 1, 3),
(91628722, 2, 7, 3),
(91628722, 3, 1, 3),
(91628723, 1, 1, 3),
(91628723, 1, 6, 3),
(91628724, 1, 2, 3),
(91628724, 3, 6, 3),
(91628725, 1, 6, 3),
(91628725, 2, 6, 3),
(91628725, 3, 6, 3),
(91628727, 2, 8, 3),
(91628727, 3, 8, 3),
(91628728, 1, 6, 3),
(91628728, 2, 6, 3),
(91628728, 3, 1, 3),
(91628728, 3, 8, 3),
(91628729, 3, 6, 3),
(91628730, 1, 1, 3),
(91628730, 2, 7, 3),
(91628730, 3, 1, 3),
(91628730, 3, 7, 3),
(91628731, 3, 1, 3),
(91628732, 1, 2, 3),
(91628732, 1, 6, 3),
(91628732, 3, 6, 3),
(91628733, 1, 1, 3),
(91628733, 2, 6, 3),
(91628734, 3, 1, 3),
(91628735, 3, 1, 3),
(91628736, 1, 6, 3),
(91628736, 3, 7, 3),
(91628736, 3, 8, 3),
(91628737, 1, 1, 3),
(91628737, 2, 7, 3),
(91628737, 3, 6, 3),
(91628738, 1, 2, 3),
(91628738, 1, 6, 3),
(91628739, 1, 2, 3),
(91628739, 1, 6, 3),
(91628739, 2, 8, 3),
(91628740, 3, 1, 3),
(91628740, 3, 7, 3),
(91628740, 3, 8, 3),
(91628741, 1, 6, 3),
(91628741, 2, 1, 3),
(91628741, 2, 6, 3),
(91628741, 3, 6, 3),
(91628742, 2, 6, 3),
(91628742, 3, 7, 3),
(91628743, 1, 1, 3),
(91628743, 2, 7, 3),
(91628743, 3, 6, 3),
(91628744, 1, 2, 3),
(91628744, 1, 6, 3),
(91628744, 2, 1, 3),
(91628744, 2, 8, 3),
(91628744, 3, 6, 3),
(91628744, 3, 8, 3),
(91628745, 1, 6, 3),
(91628745, 3, 8, 3),
(91628746, 1, 1, 3),
(91628746, 1, 6, 3),
(91628746, 2, 6, 3),
(91628746, 2, 7, 3),
(91628747, 2, 1, 3),
(91628747, 3, 6, 3),
(91628748, 2, 6, 3),
(91628748, 2, 7, 3),
(91628748, 2, 8, 3),
(91628748, 3, 1, 3),
(91628748, 3, 6, 3),
(91628750, 2, 6, 3),
(91628751, 2, 1, 3),
(91628751, 3, 8, 3),
(91628752, 1, 1, 3),
(91628752, 2, 7, 3),
(91628752, 3, 1, 3),
(91628753, 1, 1, 3),
(91628753, 1, 2, 3),
(91628753, 3, 1, 3),
(91628755, 2, 1, 3),
(91628755, 2, 7, 3),
(91628755, 2, 8, 3),
(91628755, 3, 7, 3),
(91628756, 1, 2, 3),
(91628756, 1, 6, 3),
(91628756, 2, 1, 3),
(91628756, 3, 7, 3),
(91628756, 3, 8, 3),
(91628757, 1, 6, 3),
(91628759, 2, 7, 3),
(91628759, 3, 6, 3),
(91628759, 3, 8, 3),
(91628761, 1, 6, 3),
(91628761, 2, 6, 3),
(91628762, 1, 6, 3),
(91628762, 3, 7, 3),
(91628763, 2, 6, 3),
(91628763, 3, 7, 3),
(91628764, 2, 1, 3),
(91628764, 3, 7, 3),
(91628764, 3, 8, 3),
(91628765, 1, 1, 3),
(91628765, 1, 2, 3),
(91628765, 3, 7, 3),
(91628765, 3, 8, 3),
(91628766, 3, 8, 3),
(91628767, 2, 1, 3),
(91628767, 3, 6, 3),
(91628768, 2, 8, 3),
(91628769, 2, 7, 3),
(91628769, 2, 8, 3),
(91628769, 3, 6, 3),
(91628770, 2, 6, 3),
(91628770, 3, 1, 3),
(91628771, 1, 2, 3),
(91628771, 1, 6, 3),
(91628771, 2, 8, 3),
(91628771, 3, 7, 3),
(91628771, 3, 8, 3),
(91628772, 1, 6, 3),
(91628773, 3, 6, 3),
(91628773, 3, 7, 3),
(91628774, 3, 8, 3),
(91628775, 2, 1, 3),
(91628776, 1, 2, 3),
(91628776, 2, 7, 3),
(91628778, 2, 1, 3),
(91628778, 2, 8, 3),
(91628778, 3, 7, 3),
(91628778, 3, 8, 3),
(91628780, 1, 6, 3),
(91628780, 2, 6, 3),
(91628780, 3, 8, 3),
(91628781, 2, 6, 3),
(91628781, 2, 7, 3),
(91628781, 2, 8, 3),
(91628781, 3, 6, 3),
(91628781, 3, 8, 3),
(91628782, 1, 2, 3),
(91628782, 1, 6, 3),
(91628782, 2, 7, 3),
(91628782, 2, 8, 3),
(91628783, 2, 7, 3),
(91628784, 3, 8, 3),
(91628785, 2, 7, 3),
(91628786, 3, 7, 3),
(91628786, 3, 8, 3),
(91628787, 1, 6, 3),
(91628787, 3, 6, 3),
(91628787, 3, 7, 3),
(91628788, 2, 8, 3),
(91628788, 3, 6, 3),
(91628788, 3, 7, 3),
(91628788, 3, 8, 3),
(91628789, 3, 6, 3),
(91628790, 1, 6, 3),
(79628676, 2, 7, 4),
(79628691, 1, 6, 4),
(79628692, 1, 1, 4),
(79628692, 1, 2, 4),
(79628694, 1, 6, 4),
(79628695, 1, 2, 4),
(79628696, 1, 2, 4),
(79628697, 1, 6, 4),
(79628698, 1, 1, 4),
(79628698, 1, 6, 4),
(79628701, 1, 1, 4),
(79628701, 1, 2, 4),
(79628704, 1, 6, 4),
(79628706, 1, 2, 4),
(79628708, 1, 1, 4),
(79628711, 1, 2, 4),
(79628714, 1, 2, 4),
(79628716, 1, 2, 4),
(79628717, 1, 2, 4),
(79628721, 1, 1, 4),
(79628721, 1, 2, 4),
(79628722, 1, 2, 4),
(79628723, 1, 6, 4),
(79628724, 1, 1, 4),
(79628726, 1, 2, 4),
(79628726, 1, 6, 4),
(79628727, 1, 1, 4),
(79628730, 1, 2, 4),
(79628732, 1, 1, 4),
(79628733, 1, 2, 4),
(79628734, 1, 1, 4),
(79628736, 1, 2, 4),
(79628737, 1, 1, 4),
(79628738, 1, 2, 4),
(79628746, 1, 1, 4),
(79628747, 1, 2, 4),
(79628747, 1, 6, 4),
(79628748, 1, 2, 4),
(79628750, 1, 2, 4),
(79628750, 1, 6, 4),
(79628751, 1, 2, 4),
(79628752, 1, 1, 4),
(79628756, 1, 1, 4),
(79628758, 1, 1, 4),
(79628758, 1, 6, 4),
(79628760, 1, 1, 4),
(79628760, 1, 2, 4),
(79628762, 1, 1, 4),
(79628764, 1, 6, 4),
(79628767, 1, 6, 4),
(79628768, 1, 2, 4),
(79628768, 1, 6, 4),
(79628769, 1, 2, 4),
(79628770, 1, 6, 4),
(79628771, 1, 6, 4),
(79628772, 1, 1, 4),
(79628772, 1, 6, 4),
(79628773, 1, 2, 4),
(79628773, 1, 6, 4),
(79628777, 1, 2, 4),
(79628778, 1, 1, 4),
(79628778, 1, 6, 4),
(79628781, 1, 6, 4),
(79628783, 1, 1, 4),
(80628691, 2, 6, 4),
(80628694, 2, 7, 4),
(80628694, 2, 8, 4),
(80628696, 2, 6, 4),
(80628702, 2, 8, 4),
(80628704, 2, 6, 4),
(80628705, 2, 7, 4),
(80628710, 2, 6, 4),
(80628710, 2, 8, 4),
(80628711, 2, 6, 4),
(80628712, 2, 7, 4),
(80628714, 2, 8, 4),
(80628717, 2, 8, 4),
(80628721, 2, 6, 4),
(80628730, 2, 6, 4),
(80628731, 2, 6, 4),
(80628734, 2, 7, 4),
(80628735, 2, 7, 4),
(80628736, 2, 6, 4),
(80628739, 2, 6, 4),
(80628741, 2, 7, 4),
(80628744, 2, 7, 4),
(80628745, 2, 8, 4),
(80628746, 2, 8, 4),
(80628749, 2, 8, 4),
(80628750, 2, 8, 4),
(80628752, 2, 6, 4),
(80628752, 2, 7, 4),
(80628753, 2, 6, 4),
(80628756, 2, 6, 4),
(80628766, 2, 7, 4),
(80628767, 2, 6, 4),
(80628768, 2, 8, 4),
(80628769, 2, 7, 4),
(80628770, 2, 8, 4),
(80628771, 2, 7, 4),
(80628774, 2, 6, 4),
(80628776, 2, 6, 4),
(80628777, 2, 7, 4),
(80628783, 2, 6, 4),
(80628785, 2, 6, 4),
(80628785, 2, 8, 4),
(80628788, 2, 8, 4),
(80628789, 2, 6, 4),
(80628790, 2, 6, 4),
(90628694, 3, 6, 4),
(90628695, 3, 8, 4),
(90628697, 3, 6, 4),
(90628699, 3, 6, 4),
(90628700, 3, 6, 4),
(90628701, 3, 7, 4),
(90628702, 3, 6, 4),
(90628702, 3, 7, 4),
(90628702, 3, 8, 4),
(90628703, 3, 7, 4),
(90628703, 3, 8, 4),
(90628704, 3, 8, 4),
(90628705, 3, 8, 4),
(90628706, 3, 8, 4),
(90628712, 3, 6, 4),
(90628713, 3, 8, 4),
(90628715, 3, 6, 4),
(90628715, 3, 8, 4),
(90628721, 3, 7, 4),
(90628723, 3, 7, 4),
(90628724, 3, 7, 4),
(90628726, 3, 7, 4),
(90628727, 3, 8, 4),
(90628730, 3, 6, 4),
(90628732, 3, 8, 4),
(90628735, 3, 6, 4),
(90628735, 3, 7, 4),
(90628736, 3, 6, 4),
(90628738, 3, 6, 4),
(90628739, 3, 6, 4),
(90628739, 3, 7, 4),
(90628740, 3, 8, 4),
(90628741, 3, 7, 4),
(90628742, 3, 6, 4),
(90628744, 3, 6, 4),
(90628744, 3, 8, 4),
(90628746, 3, 8, 4),
(90628747, 3, 8, 4),
(90628749, 3, 8, 4),
(90628755, 3, 6, 4),
(90628757, 3, 6, 4),
(90628757, 3, 7, 4),
(90628760, 3, 7, 4),
(90628761, 3, 7, 4),
(90628762, 3, 7, 4),
(90628763, 3, 7, 4),
(90628764, 3, 7, 4),
(90628766, 3, 8, 4),
(90628767, 3, 6, 4),
(90628768, 3, 6, 4),
(90628771, 3, 7, 4),
(90628772, 3, 6, 4),
(90628773, 3, 7, 4),
(90628776, 3, 7, 4),
(90628778, 3, 6, 4),
(90628779, 3, 7, 4),
(90628781, 3, 8, 4),
(90628782, 3, 7, 4),
(90628783, 3, 8, 4),
(90628786, 3, 7, 4),
(91628691, 1, 6, 4),
(91628691, 2, 6, 4),
(91628691, 3, 6, 4),
(91628691, 3, 7, 4),
(91628692, 2, 8, 4),
(91628692, 3, 1, 4),
(91628693, 1, 2, 4),
(91628693, 2, 7, 4),
(91628693, 3, 7, 4),
(91628694, 1, 1, 4),
(91628694, 2, 1, 4),
(91628694, 2, 7, 4),
(91628694, 3, 7, 4),
(91628695, 1, 2, 4),
(91628695, 2, 6, 4),
(91628695, 2, 7, 4),
(91628695, 3, 6, 4),
(91628695, 3, 7, 4),
(91628696, 2, 1, 4),
(91628696, 3, 7, 4),
(91628697, 2, 6, 4),
(91628697, 3, 1, 4),
(91628697, 3, 6, 4),
(91628697, 3, 8, 4),
(91628698, 2, 7, 4),
(91628698, 2, 8, 4),
(91628699, 1, 2, 4),
(91628699, 1, 6, 4),
(91628699, 2, 8, 4),
(91628700, 3, 1, 4),
(91628701, 3, 6, 4),
(91628702, 2, 1, 4),
(91628702, 3, 1, 4),
(91628703, 2, 1, 4),
(91628703, 3, 8, 4),
(91628704, 2, 7, 4),
(91628705, 1, 1, 4),
(91628705, 3, 1, 4),
(91628705, 3, 7, 4),
(91628705, 3, 8, 4),
(91628707, 1, 2, 4),
(91628707, 3, 7, 4),
(91628708, 1, 2, 4),
(91628708, 2, 7, 4),
(91628708, 3, 1, 4),
(91628708, 3, 7, 4),
(91628709, 3, 8, 4),
(91628711, 2, 1, 4),
(91628711, 2, 6, 4),
(91628711, 2, 7, 4),
(91628711, 3, 7, 4),
(91628712, 2, 1, 4),
(91628713, 1, 2, 4),
(91628713, 1, 6, 4),
(91628713, 2, 1, 4),
(91628713, 3, 6, 4),
(91628713, 3, 7, 4),
(91628714, 1, 2, 4),
(91628714, 1, 6, 4),
(91628715, 1, 1, 4),
(91628715, 2, 8, 4),
(91628716, 1, 6, 4),
(91628716, 2, 1, 4),
(91628716, 3, 6, 4),
(91628717, 1, 1, 4),
(91628717, 2, 8, 4),
(91628717, 3, 1, 4),
(91628718, 1, 1, 4),
(91628718, 2, 6, 4),
(91628719, 3, 6, 4),
(91628719, 3, 8, 4),
(91628720, 1, 2, 4),
(91628720, 2, 6, 4),
(91628720, 3, 7, 4),
(91628721, 3, 7, 4),
(91628721, 3, 8, 4),
(91628722, 1, 6, 4),
(91628722, 2, 8, 4),
(91628722, 3, 7, 4),
(91628723, 3, 1, 4),
(91628723, 3, 6, 4),
(91628725, 1, 1, 4),
(91628725, 2, 7, 4),
(91628725, 2, 8, 4),
(91628726, 1, 2, 4),
(91628726, 1, 6, 4),
(91628726, 3, 1, 4),
(91628727, 1, 1, 4),
(91628727, 3, 1, 4),
(91628727, 3, 7, 4),
(91628729, 1, 6, 4),
(91628729, 2, 7, 4),
(91628730, 3, 6, 4),
(91628731, 2, 6, 4),
(91628731, 3, 6, 4),
(91628731, 3, 8, 4),
(91628732, 1, 1, 4),
(91628732, 3, 7, 4),
(91628733, 2, 1, 4),
(91628733, 3, 6, 4),
(91628733, 3, 8, 4),
(91628734, 1, 6, 4),
(91628734, 2, 6, 4),
(91628734, 3, 7, 4),
(91628735, 2, 7, 4),
(91628736, 1, 1, 4),
(91628736, 2, 6, 4),
(91628736, 2, 8, 4),
(91628736, 3, 1, 4),
(91628736, 3, 6, 4),
(91628737, 1, 2, 4),
(91628737, 1, 6, 4),
(91628737, 3, 8, 4),
(91628738, 1, 1, 4),
(91628738, 3, 8, 4),
(91628739, 2, 1, 4),
(91628740, 2, 7, 4),
(91628740, 2, 8, 4),
(91628741, 2, 7, 4),
(91628741, 3, 1, 4),
(91628742, 3, 1, 4),
(91628743, 2, 8, 4),
(91628745, 1, 1, 4),
(91628745, 1, 2, 4),
(91628745, 2, 6, 4),
(91628746, 2, 1, 4),
(91628746, 3, 1, 4),
(91628746, 3, 8, 4),
(91628747, 2, 6, 4),
(91628747, 2, 8, 4),
(91628748, 1, 1, 4),
(91628748, 1, 2, 4),
(91628748, 1, 6, 4),
(91628748, 3, 7, 4),
(91628749, 3, 8, 4),
(91628750, 1, 1, 4),
(91628750, 1, 2, 4),
(91628750, 2, 1, 4),
(91628750, 2, 7, 4),
(91628750, 3, 1, 4),
(91628751, 3, 7, 4),
(91628752, 3, 8, 4),
(91628753, 2, 8, 4),
(91628754, 1, 1, 4),
(91628754, 1, 6, 4),
(91628754, 2, 6, 4),
(91628754, 3, 7, 4),
(91628755, 3, 1, 4),
(91628756, 1, 1, 4),
(91628756, 2, 8, 4),
(91628758, 2, 6, 4),
(91628758, 3, 1, 4),
(91628758, 3, 7, 4),
(91628759, 3, 7, 4),
(91628760, 1, 2, 4),
(91628760, 1, 6, 4),
(91628760, 3, 1, 4),
(91628761, 1, 2, 4),
(91628761, 2, 1, 4),
(91628762, 2, 8, 4),
(91628763, 1, 1, 4),
(91628763, 1, 2, 4),
(91628763, 3, 1, 4),
(91628765, 3, 1, 4),
(91628765, 3, 6, 4),
(91628766, 1, 1, 4),
(91628766, 1, 6, 4),
(91628766, 2, 1, 4),
(91628766, 2, 8, 4),
(91628766, 3, 1, 4),
(91628766, 3, 7, 4),
(91628767, 2, 6, 4),
(91628767, 2, 7, 4),
(91628767, 2, 8, 4),
(91628767, 3, 1, 4),
(91628768, 1, 2, 4),
(91628768, 2, 1, 4),
(91628769, 1, 2, 4),
(91628769, 3, 7, 4),
(91628769, 3, 8, 4),
(91628770, 1, 2, 4),
(91628770, 1, 6, 4),
(91628770, 3, 7, 4),
(91628771, 1, 1, 4),
(91628773, 1, 1, 4),
(91628773, 2, 8, 4),
(91628773, 3, 1, 4),
(91628774, 1, 1, 4),
(91628774, 1, 6, 4),
(91628774, 2, 1, 4),
(91628774, 2, 6, 4),
(91628774, 3, 1, 4),
(91628775, 1, 2, 4),
(91628775, 2, 7, 4),
(91628775, 3, 1, 4),
(91628775, 3, 7, 4),
(91628776, 2, 6, 4),
(91628777, 1, 2, 4),
(91628777, 1, 6, 4),
(91628777, 2, 7, 4),
(91628777, 2, 8, 4),
(91628777, 3, 1, 4),
(91628778, 1, 2, 4),
(91628778, 2, 6, 4),
(91628778, 2, 7, 4),
(91628778, 3, 6, 4),
(91628779, 1, 2, 4),
(91628779, 2, 6, 4),
(91628780, 1, 2, 4),
(91628781, 1, 1, 4),
(91628781, 2, 1, 4),
(91628781, 3, 1, 4),
(91628782, 3, 1, 4),
(91628783, 1, 6, 4),
(91628783, 2, 8, 4),
(91628783, 3, 6, 4),
(91628784, 1, 2, 4),
(91628784, 1, 6, 4),
(91628784, 2, 8, 4),
(91628784, 3, 6, 4),
(91628785, 1, 1, 4),
(91628785, 1, 2, 4),
(91628785, 2, 6, 4),
(91628785, 2, 8, 4),
(91628785, 3, 1, 4),
(91628785, 3, 7, 4),
(91628786, 1, 6, 4),
(91628786, 3, 1, 4),
(91628788, 2, 1, 4),
(91628788, 2, 7, 4),
(91628788, 3, 1, 4),
(91628789, 2, 1, 4),
(91628789, 2, 8, 4),
(91628789, 3, 8, 4),
(79628676, 1, 1, 5),
(79628692, 1, 6, 5),
(79628693, 1, 2, 5),
(79628693, 1, 6, 5),
(79628697, 1, 1, 5),
(79628699, 1, 1, 5),
(79628705, 1, 1, 5),
(79628707, 1, 1, 5),
(79628709, 1, 2, 5),
(79628709, 1, 6, 5),
(79628710, 1, 1, 5),
(79628711, 1, 6, 5),
(79628712, 1, 1, 5),
(79628713, 1, 6, 5),
(79628714, 1, 6, 5),
(79628716, 1, 6, 5),
(79628718, 1, 1, 5),
(79628723, 1, 1, 5),
(79628723, 1, 2, 5),
(79628725, 1, 6, 5),
(79628726, 1, 1, 5),
(79628728, 1, 2, 5),
(79628730, 1, 1, 5),
(79628732, 1, 2, 5),
(79628732, 1, 6, 5),
(79628733, 1, 6, 5),
(79628735, 1, 2, 5),
(79628736, 1, 1, 5),
(79628738, 1, 1, 5),
(79628743, 1, 6, 5),
(79628747, 1, 1, 5),
(79628753, 1, 6, 5),
(79628754, 1, 1, 5),
(79628754, 1, 6, 5),
(79628757, 1, 1, 5),
(79628759, 1, 6, 5),
(79628762, 1, 2, 5),
(79628763, 1, 2, 5),
(79628764, 1, 2, 5),
(79628769, 1, 6, 5),
(79628771, 1, 2, 5),
(79628774, 1, 2, 5),
(79628775, 1, 6, 5),
(79628780, 1, 6, 5),
(79628782, 1, 1, 5),
(79628782, 1, 2, 5),
(79628783, 1, 2, 5),
(79628784, 1, 6, 5),
(79628785, 1, 1, 5),
(79628785, 1, 6, 5),
(79628786, 1, 1, 5),
(79628787, 1, 1, 5),
(79628787, 1, 6, 5),
(79628789, 1, 1, 5),
(80628693, 2, 7, 5),
(80628695, 2, 8, 5),
(80628697, 2, 8, 5),
(80628698, 2, 8, 5),
(80628699, 2, 6, 5),
(80628701, 2, 6, 5),
(80628701, 2, 7, 5),
(80628702, 2, 7, 5),
(80628703, 2, 7, 5),
(80628707, 2, 7, 5),
(80628707, 2, 8, 5),
(80628712, 2, 6, 5),
(80628714, 2, 6, 5),
(80628714, 2, 7, 5),
(80628716, 2, 7, 5),
(80628716, 2, 8, 5),
(80628718, 2, 7, 5),
(80628720, 2, 7, 5),
(80628723, 2, 6, 5),
(80628723, 2, 7, 5),
(80628724, 2, 7, 5),
(80628724, 2, 8, 5),
(80628725, 2, 7, 5),
(80628728, 2, 6, 5),
(80628728, 2, 7, 5),
(80628731, 2, 8, 5),
(80628737, 2, 6, 5),
(80628739, 2, 8, 5),
(80628742, 2, 7, 5),
(80628744, 2, 6, 5),
(80628744, 2, 8, 5),
(80628745, 2, 6, 5),
(80628746, 2, 6, 5),
(80628746, 2, 7, 5),
(80628747, 2, 6, 5),
(80628747, 2, 7, 5),
(80628747, 2, 8, 5),
(80628749, 2, 7, 5),
(80628750, 2, 6, 5),
(80628750, 2, 7, 5),
(80628755, 2, 6, 5),
(80628755, 2, 7, 5),
(80628756, 2, 7, 5),
(80628757, 2, 7, 5),
(80628761, 2, 6, 5),
(80628763, 2, 7, 5),
(80628764, 2, 6, 5),
(80628764, 2, 7, 5),
(80628765, 2, 7, 5),
(80628767, 2, 7, 5),
(80628768, 2, 6, 5),
(80628770, 2, 7, 5),
(80628772, 2, 7, 5),
(80628776, 2, 7, 5),
(80628779, 2, 7, 5),
(80628781, 2, 6, 5),
(80628781, 2, 7, 5),
(80628781, 2, 8, 5),
(80628782, 2, 7, 5),
(80628782, 2, 8, 5),
(80628786, 2, 7, 5),
(80628787, 2, 7, 5),
(80628790, 2, 8, 5),
(90628692, 3, 6, 5),
(90628693, 3, 6, 5),
(90628693, 3, 8, 5),
(90628694, 3, 7, 5),
(90628694, 3, 8, 5),
(90628697, 3, 8, 5),
(90628699, 3, 8, 5),
(90628706, 3, 6, 5),
(90628706, 3, 7, 5),
(90628707, 3, 8, 5),
(90628708, 3, 6, 5),
(90628708, 3, 7, 5),
(90628708, 3, 8, 5),
(90628712, 3, 8, 5),
(90628714, 3, 6, 5),
(90628718, 3, 8, 5),
(90628719, 3, 6, 5),
(90628719, 3, 7, 5),
(90628720, 3, 6, 5),
(90628721, 3, 8, 5),
(90628722, 3, 8, 5),
(90628725, 3, 8, 5),
(90628726, 3, 6, 5),
(90628727, 3, 7, 5),
(90628728, 3, 7, 5),
(90628729, 3, 7, 5),
(90628730, 3, 7, 5),
(90628732, 3, 7, 5),
(90628737, 3, 6, 5),
(90628737, 3, 7, 5),
(90628738, 3, 8, 5),
(90628739, 3, 8, 5),
(90628740, 3, 6, 5),
(90628742, 3, 7, 5),
(90628742, 3, 8, 5),
(90628743, 3, 7, 5),
(90628745, 3, 6, 5),
(90628745, 3, 7, 5),
(90628750, 3, 7, 5),
(90628751, 3, 6, 5),
(90628752, 3, 8, 5),
(90628753, 3, 6, 5),
(90628753, 3, 8, 5),
(90628754, 3, 8, 5),
(90628755, 3, 8, 5),
(90628756, 3, 6, 5),
(90628757, 3, 8, 5),
(90628769, 3, 6, 5),
(90628769, 3, 7, 5),
(90628769, 3, 8, 5),
(90628772, 3, 8, 5),
(90628775, 3, 8, 5),
(90628776, 3, 6, 5),
(90628778, 3, 7, 5),
(90628780, 3, 6, 5),
(90628780, 3, 7, 5),
(90628782, 3, 8, 5),
(90628784, 3, 6, 5),
(90628784, 3, 8, 5),
(90628785, 3, 7, 5),
(90628788, 3, 6, 5),
(90628788, 3, 7, 5),
(90628789, 3, 7, 5),
(90628790, 3, 7, 5),
(91628691, 1, 2, 5),
(91628691, 2, 1, 5),
(91628691, 2, 7, 5),
(91628691, 2, 8, 5),
(91628692, 1, 1, 5),
(91628692, 2, 1, 5),
(91628693, 1, 1, 5),
(91628693, 2, 6, 5),
(91628693, 3, 6, 5),
(91628694, 1, 6, 5),
(91628694, 2, 8, 5),
(91628694, 3, 8, 5),
(91628696, 3, 1, 5),
(91628697, 1, 2, 5),
(91628697, 1, 6, 5),
(91628698, 1, 6, 5),
(91628698, 2, 1, 5),
(91628699, 1, 1, 5),
(91628699, 2, 1, 5),
(91628699, 3, 8, 5),
(91628700, 1, 1, 5),
(91628700, 2, 1, 5),
(91628700, 2, 6, 5),
(91628700, 3, 7, 5),
(91628700, 3, 8, 5),
(91628701, 2, 1, 5),
(91628702, 1, 1, 5),
(91628702, 2, 6, 5),
(91628703, 3, 1, 5),
(91628704, 1, 1, 5),
(91628704, 2, 6, 5),
(91628704, 2, 8, 5),
(91628705, 1, 6, 5),
(91628706, 1, 1, 5),
(91628706, 2, 6, 5),
(91628706, 3, 1, 5),
(91628706, 3, 8, 5),
(91628707, 2, 7, 5),
(91628707, 3, 8, 5),
(91628708, 1, 1, 5),
(91628708, 3, 8, 5),
(91628709, 1, 1, 5),
(91628709, 2, 6, 5),
(91628709, 2, 7, 5),
(91628710, 2, 1, 5),
(91628710, 3, 7, 5),
(91628711, 1, 1, 5),
(91628711, 1, 6, 5),
(91628711, 3, 8, 5),
(91628712, 1, 1, 5),
(91628712, 3, 7, 5),
(91628714, 2, 8, 5),
(91628714, 3, 1, 5),
(91628715, 3, 6, 5),
(91628715, 3, 7, 5),
(91628717, 2, 1, 5),
(91628717, 2, 6, 5),
(91628717, 3, 8, 5),
(91628718, 1, 6, 5),
(91628718, 3, 1, 5),
(91628719, 1, 1, 5),
(91628720, 1, 6, 5),
(91628720, 3, 1, 5),
(91628721, 2, 6, 5),
(91628721, 3, 1, 5),
(91628722, 2, 6, 5),
(91628722, 3, 6, 5),
(91628723, 1, 2, 5),
(91628723, 2, 6, 5),
(91628723, 2, 8, 5),
(91628723, 3, 8, 5),
(91628724, 2, 1, 5),
(91628724, 2, 8, 5),
(91628725, 3, 1, 5),
(91628725, 3, 7, 5),
(91628725, 3, 8, 5),
(91628726, 1, 1, 5),
(91628726, 2, 6, 5),
(91628726, 2, 7, 5),
(91628726, 2, 8, 5),
(91628726, 3, 6, 5),
(91628727, 2, 1, 5),
(91628728, 1, 1, 5),
(91628728, 1, 2, 5),
(91628728, 2, 7, 5),
(91628728, 3, 7, 5),
(91628729, 1, 1, 5),
(91628729, 1, 2, 5),
(91628729, 2, 8, 5),
(91628729, 3, 1, 5),
(91628730, 1, 2, 5),
(91628731, 1, 6, 5),
(91628731, 2, 7, 5),
(91628731, 2, 8, 5),
(91628732, 2, 1, 5),
(91628732, 2, 7, 5),
(91628733, 2, 7, 5),
(91628733, 2, 8, 5),
(91628734, 2, 7, 5),
(91628735, 1, 6, 5),
(91628735, 2, 6, 5),
(91628735, 3, 7, 5),
(91628736, 1, 2, 5),
(91628737, 2, 1, 5),
(91628737, 2, 8, 5),
(91628737, 3, 7, 5),
(91628738, 2, 6, 5),
(91628738, 3, 7, 5),
(91628739, 3, 6, 5),
(91628740, 1, 1, 5),
(91628740, 1, 2, 5),
(91628741, 2, 8, 5),
(91628742, 1, 2, 5),
(91628742, 3, 6, 5),
(91628743, 2, 6, 5),
(91628743, 3, 8, 5),
(91628744, 1, 1, 5),
(91628744, 2, 6, 5),
(91628745, 2, 1, 5),
(91628747, 1, 1, 5),
(91628747, 1, 2, 5),
(91628747, 2, 7, 5),
(91628747, 3, 1, 5),
(91628748, 2, 1, 5),
(91628749, 1, 2, 5),
(91628749, 3, 6, 5),
(91628750, 1, 6, 5),
(91628750, 3, 6, 5),
(91628750, 3, 7, 5),
(91628750, 3, 8, 5),
(91628751, 1, 1, 5),
(91628751, 1, 2, 5),
(91628751, 2, 7, 5),
(91628751, 3, 6, 5),
(91628752, 1, 2, 5),
(91628752, 1, 6, 5),
(91628753, 2, 1, 5),
(91628753, 2, 6, 5),
(91628754, 2, 7, 5),
(91628754, 2, 8, 5),
(91628755, 1, 2, 5),
(91628755, 2, 6, 5),
(91628755, 3, 6, 5),
(91628756, 2, 7, 5),
(91628757, 3, 6, 5),
(91628757, 3, 8, 5),
(91628758, 1, 2, 5),
(91628758, 2, 1, 5),
(91628758, 3, 6, 5),
(91628759, 1, 1, 5),
(91628759, 1, 6, 5),
(91628759, 2, 1, 5),
(91628759, 3, 1, 5),
(91628760, 2, 6, 5),
(91628760, 3, 6, 5),
(91628761, 1, 1, 5),
(91628761, 2, 7, 5),
(91628762, 1, 1, 5),
(91628762, 2, 6, 5),
(91628762, 2, 7, 5),
(91628762, 3, 6, 5),
(91628763, 1, 6, 5),
(91628763, 2, 1, 5),
(91628764, 1, 1, 5),
(91628764, 2, 6, 5),
(91628764, 2, 7, 5),
(91628764, 2, 8, 5),
(91628764, 3, 6, 5),
(91628765, 2, 6, 5),
(91628765, 2, 7, 5),
(91628767, 3, 7, 5),
(91628768, 1, 1, 5),
(91628768, 1, 6, 5),
(91628768, 2, 6, 5),
(91628770, 1, 1, 5),
(91628770, 2, 1, 5),
(91628770, 2, 8, 5),
(91628771, 2, 1, 5),
(91628772, 3, 8, 5),
(91628774, 3, 7, 5),
(91628775, 1, 1, 5),
(91628775, 3, 6, 5),
(91628775, 3, 8, 5),
(91628776, 2, 1, 5),
(91628777, 1, 1, 5),
(91628777, 2, 1, 5),
(91628777, 3, 7, 5),
(91628779, 1, 1, 5),
(91628779, 1, 6, 5),
(91628779, 2, 1, 5),
(91628779, 2, 8, 5),
(91628779, 3, 1, 5),
(91628779, 3, 6, 5),
(91628780, 1, 1, 5),
(91628780, 2, 1, 5),
(91628780, 2, 8, 5),
(91628780, 3, 1, 5),
(91628780, 3, 7, 5),
(91628781, 3, 7, 5),
(91628782, 2, 6, 5),
(91628782, 3, 6, 5),
(91628782, 3, 7, 5),
(91628783, 1, 1, 5),
(91628783, 2, 1, 5),
(91628783, 3, 1, 5),
(91628783, 3, 8, 5),
(91628784, 2, 1, 5),
(91628784, 2, 7, 5),
(91628784, 3, 1, 5),
(91628785, 3, 8, 5),
(91628786, 1, 1, 5),
(91628786, 1, 2, 5),
(91628787, 1, 2, 5),
(91628787, 2, 1, 5),
(91628787, 2, 8, 5),
(91628787, 3, 1, 5),
(91628787, 3, 8, 5),
(91628788, 1, 1, 5),
(91628788, 1, 2, 5),
(91628789, 1, 2, 5),
(91628789, 1, 6, 5),
(91628789, 2, 7, 5),
(91628789, 3, 1, 5),
(91628789, 3, 7, 5),
(91628790, 1, 2, 5),
(91628790, 2, 1, 5),
(91628790, 2, 8, 5),
(91628790, 3, 6, 5);

-- --------------------------------------------------------

--
-- Table structure for table `tipo_proceso`
--

CREATE TABLE IF NOT EXISTS `tipo_proceso` (
  `id_tipo_proceso` int(11) NOT NULL AUTO_INCREMENT,
  `nombre` varchar(200) NOT NULL,
  PRIMARY KEY (`id_tipo_proceso`)
) ENGINE=InnoDB  DEFAULT CHARSET=latin1 AUTO_INCREMENT=3 ;

--
-- Dumping data for table `tipo_proceso`
--

INSERT INTO `tipo_proceso` (`id_tipo_proceso`, `nombre`) VALUES
(1, 'Autoevaluación Institucional'),
(2, 'Autoevaluación de Programa');

-- --------------------------------------------------------

--
-- Table structure for table `tipo_respuesta`
--

CREATE TABLE IF NOT EXISTS `tipo_respuesta` (
  `id_tipo_respuesta` int(11) NOT NULL AUTO_INCREMENT,
  `titulo` varchar(200) NOT NULL,
  PRIMARY KEY (`id_tipo_respuesta`)
) ENGINE=InnoDB  DEFAULT CHARSET=latin1 AUTO_INCREMENT=2 ;

--
-- Dumping data for table `tipo_respuesta`
--

INSERT INTO `tipo_respuesta` (`id_tipo_respuesta`, `titulo`) VALUES
(1, 'escala 1-5 acuerdo - desacuerdo');

-- --------------------------------------------------------

--
-- Table structure for table `usuario_fuente_proceso`
--

CREATE TABLE IF NOT EXISTS `usuario_fuente_proceso` (
  `id_usuario_proceso` int(11) NOT NULL,
  `usuario_proceso` varchar(200) NOT NULL,
  `id_fuente_proceso` int(11) NOT NULL,
  PRIMARY KEY (`id_usuario_proceso`,`id_fuente_proceso`),
  KEY `id_usuario_proceso` (`id_usuario_proceso`),
  KEY `id_fuente_proceso` (`id_fuente_proceso`)
) ENGINE=InnoDB DEFAULT CHARSET=latin1;

--
-- Dumping data for table `usuario_fuente_proceso`
--

INSERT INTO `usuario_fuente_proceso` (`id_usuario_proceso`, `usuario_proceso`, `id_fuente_proceso`) VALUES
(79628676, '79628676', 1),
(79628676, '79628676', 2),
(79628676, '79628676', 3),
(79628677, '79628677', 1),
(79628681, '79628681', 1),
(79628691, '79628691', 1),
(79628692, '79628692', 1),
(79628693, '79628693', 1),
(79628694, '79628694', 1),
(79628695, '79628695', 1),
(79628696, '79628696', 1),
(79628697, '79628697', 1),
(79628698, '79628698', 1),
(79628699, '79628699', 1),
(79628700, '79628700', 1),
(79628701, '79628701', 1),
(79628702, '79628702', 1),
(79628703, '79628703', 1),
(79628704, '79628704', 1),
(79628705, '79628705', 1),
(79628706, '79628706', 1),
(79628707, '79628707', 1),
(79628708, '79628708', 1),
(79628709, '79628709', 1),
(79628710, '79628710', 1),
(79628711, '79628711', 1),
(79628712, '79628712', 1),
(79628713, '79628713', 1),
(79628714, '79628714', 1),
(79628715, '79628715', 1),
(79628716, '79628716', 1),
(79628717, '79628717', 1),
(79628718, '79628718', 1),
(79628719, '79628719', 1),
(79628720, '79628720', 1),
(79628721, '79628721', 1),
(79628722, '79628722', 1),
(79628723, '79628723', 1),
(79628724, '79628724', 1),
(79628725, '79628725', 1),
(79628726, '79628726', 1),
(79628727, '79628727', 1),
(79628728, '79628728', 1),
(79628729, '79628729', 1),
(79628730, '79628730', 1),
(79628731, '79628731', 1),
(79628732, '79628732', 1),
(79628733, '79628733', 1),
(79628734, '79628734', 1),
(79628735, '79628735', 1),
(79628736, '79628736', 1),
(79628737, '79628737', 1),
(79628738, '79628738', 1),
(79628739, '79628739', 1),
(79628740, '79628740', 1),
(79628741, '79628741', 1),
(79628742, '79628742', 1),
(79628743, '79628743', 1),
(79628744, '79628744', 1),
(79628745, '79628745', 1),
(79628746, '79628746', 1),
(79628747, '79628747', 1),
(79628748, '79628748', 1),
(79628749, '79628749', 1),
(79628750, '79628750', 1),
(79628751, '79628751', 1),
(79628752, '79628752', 1),
(79628753, '79628753', 1),
(79628754, '79628754', 1),
(79628755, '79628755', 1),
(79628756, '79628756', 1),
(79628757, '79628757', 1),
(79628758, '79628758', 1),
(79628759, '79628759', 1),
(79628760, '79628760', 1),
(79628761, '79628761', 1),
(79628762, '79628762', 1),
(79628763, '79628763', 1),
(79628764, '79628764', 1),
(79628765, '79628765', 1),
(79628766, '79628766', 1),
(79628767, '79628767', 1),
(79628768, '79628768', 1),
(79628769, '79628769', 1),
(79628770, '79628770', 1),
(79628771, '79628771', 1),
(79628772, '79628772', 1),
(79628773, '79628773', 1),
(79628774, '79628774', 1),
(79628775, '79628775', 1),
(79628776, '79628776', 1),
(79628777, '79628777', 1),
(79628778, '79628778', 1),
(79628779, '79628779', 1),
(79628780, '79628780', 1),
(79628781, '79628781', 1),
(79628782, '79628782', 1),
(79628783, '79628783', 1),
(79628784, '79628784', 1),
(79628785, '79628785', 1),
(79628786, '79628786', 1),
(79628787, '79628787', 1),
(79628788, '79628788', 1),
(79628789, '79628789', 1),
(79628790, '79628790', 1),
(80628691, '80628691', 2),
(80628692, '80628692', 2),
(80628693, '80628693', 2),
(80628694, '80628694', 2),
(80628695, '80628695', 2),
(80628696, '80628696', 2),
(80628697, '80628697', 2),
(80628698, '80628698', 2),
(80628699, '80628699', 2),
(80628700, '80628700', 2),
(80628701, '80628701', 2),
(80628702, '80628702', 2),
(80628703, '80628703', 2),
(80628704, '80628704', 2),
(80628705, '80628705', 2),
(80628706, '80628706', 2),
(80628707, '80628707', 2),
(80628708, '80628708', 2),
(80628709, '80628709', 2),
(80628710, '80628710', 2),
(80628711, '80628711', 2),
(80628712, '80628712', 2),
(80628713, '80628713', 2),
(80628714, '80628714', 2),
(80628715, '80628715', 2),
(80628716, '80628716', 2),
(80628717, '80628717', 2),
(80628718, '80628718', 2),
(80628719, '80628719', 2),
(80628720, '80628720', 2),
(80628721, '80628721', 2),
(80628722, '80628722', 2),
(80628723, '80628723', 2),
(80628724, '80628724', 2),
(80628725, '80628725', 2),
(80628726, '80628726', 2),
(80628727, '80628727', 2),
(80628728, '80628728', 2),
(80628729, '80628729', 2),
(80628730, '80628730', 2),
(80628731, '80628731', 2),
(80628732, '80628732', 2),
(80628733, '80628733', 2),
(80628734, '80628734', 2),
(80628735, '80628735', 2),
(80628736, '80628736', 2),
(80628737, '80628737', 2),
(80628738, '80628738', 2),
(80628739, '80628739', 2),
(80628740, '80628740', 2),
(80628741, '80628741', 2),
(80628742, '80628742', 2),
(80628743, '80628743', 2),
(80628744, '80628744', 2),
(80628745, '80628745', 2),
(80628746, '80628746', 2),
(80628747, '80628747', 2),
(80628748, '80628748', 2),
(80628749, '80628749', 2),
(80628750, '80628750', 2),
(80628751, '80628751', 2),
(80628752, '80628752', 2),
(80628753, '80628753', 2),
(80628754, '80628754', 2),
(80628755, '80628755', 2),
(80628756, '80628756', 2),
(80628757, '80628757', 2),
(80628758, '80628758', 2),
(80628759, '80628759', 2),
(80628760, '80628760', 2),
(80628761, '80628761', 2),
(80628762, '80628762', 2),
(80628763, '80628763', 2),
(80628764, '80628764', 2),
(80628765, '80628765', 2),
(80628766, '80628766', 2),
(80628767, '80628767', 2),
(80628768, '80628768', 2),
(80628769, '80628769', 2),
(80628770, '80628770', 2),
(80628771, '80628771', 2),
(80628772, '80628772', 2),
(80628773, '80628773', 2),
(80628774, '80628774', 2),
(80628775, '80628775', 2),
(80628776, '80628776', 2),
(80628777, '80628777', 2),
(80628778, '80628778', 2),
(80628779, '80628779', 2),
(80628780, '80628780', 2),
(80628781, '80628781', 2),
(80628782, '80628782', 2),
(80628783, '80628783', 2),
(80628784, '80628784', 2),
(80628785, '80628785', 2),
(80628786, '80628786', 2),
(80628787, '80628787', 2),
(80628788, '80628788', 2),
(80628789, '80628789', 2),
(80628790, '80628790', 2),
(90628691, '90628691', 3),
(90628692, '90628692', 3),
(90628693, '90628693', 3),
(90628694, '90628694', 3),
(90628695, '90628695', 3),
(90628696, '90628696', 3),
(90628697, '90628697', 3),
(90628698, '90628698', 3),
(90628699, '90628699', 3),
(90628700, '90628700', 3),
(90628701, '90628701', 3),
(90628702, '90628702', 3),
(90628703, '90628703', 3),
(90628704, '90628704', 3),
(90628705, '90628705', 3),
(90628706, '90628706', 3),
(90628707, '90628707', 3),
(90628708, '90628708', 3),
(90628709, '90628709', 3),
(90628710, '90628710', 3),
(90628711, '90628711', 3),
(90628712, '90628712', 3),
(90628713, '90628713', 3),
(90628714, '90628714', 3),
(90628715, '90628715', 3),
(90628716, '90628716', 3),
(90628717, '90628717', 3),
(90628718, '90628718', 3),
(90628719, '90628719', 3),
(90628720, '90628720', 3),
(90628721, '90628721', 3),
(90628722, '90628722', 3),
(90628723, '90628723', 3),
(90628724, '90628724', 3),
(90628725, '90628725', 3),
(90628726, '90628726', 3),
(90628727, '90628727', 3),
(90628728, '90628728', 3),
(90628729, '90628729', 3),
(90628730, '90628730', 3),
(90628731, '90628731', 3),
(90628732, '90628732', 3),
(90628733, '90628733', 3),
(90628734, '90628734', 3),
(90628735, '90628735', 3),
(90628736, '90628736', 3),
(90628737, '90628737', 3),
(90628738, '90628738', 3),
(90628739, '90628739', 3),
(90628740, '90628740', 3),
(90628741, '90628741', 3),
(90628742, '90628742', 3),
(90628743, '90628743', 3),
(90628744, '90628744', 3),
(90628745, '90628745', 3),
(90628746, '90628746', 3),
(90628747, '90628747', 3),
(90628748, '90628748', 3),
(90628749, '90628749', 3),
(90628750, '90628750', 3),
(90628751, '90628751', 3),
(90628752, '90628752', 3),
(90628753, '90628753', 3),
(90628754, '90628754', 3),
(90628755, '90628755', 3),
(90628756, '90628756', 3),
(90628757, '90628757', 3),
(90628758, '90628758', 3),
(90628759, '90628759', 3),
(90628760, '90628760', 3),
(90628761, '90628761', 3),
(90628762, '90628762', 3),
(90628763, '90628763', 3),
(90628764, '90628764', 3),
(90628765, '90628765', 3),
(90628766, '90628766', 3),
(90628767, '90628767', 3),
(90628768, '90628768', 3),
(90628769, '90628769', 3),
(90628770, '90628770', 3),
(90628771, '90628771', 3),
(90628772, '90628772', 3),
(90628773, '90628773', 3),
(90628774, '90628774', 3),
(90628775, '90628775', 3),
(90628776, '90628776', 3),
(90628777, '90628777', 3),
(90628778, '90628778', 3),
(90628779, '90628779', 3),
(90628780, '90628780', 3),
(90628781, '90628781', 3),
(90628782, '90628782', 3),
(90628783, '90628783', 3),
(90628784, '90628784', 3),
(90628785, '90628785', 3),
(90628786, '90628786', 3),
(90628787, '90628787', 3),
(90628788, '90628788', 3),
(90628789, '90628789', 3),
(90628790, '90628790', 3),
(91628691, '91628691', 1),
(91628691, '91628691', 2),
(91628691, '91628691', 3),
(91628692, '91628692', 1),
(91628692, '91628692', 2),
(91628692, '91628692', 3),
(91628693, '91628693', 1),
(91628693, '91628693', 2),
(91628693, '91628693', 3),
(91628694, '91628694', 1),
(91628694, '91628694', 2),
(91628694, '91628694', 3),
(91628695, '91628695', 1),
(91628695, '91628695', 2),
(91628695, '91628695', 3),
(91628696, '91628696', 1),
(91628696, '91628696', 2),
(91628696, '91628696', 3),
(91628697, '91628697', 1),
(91628697, '91628697', 2),
(91628697, '91628697', 3),
(91628698, '91628698', 1),
(91628698, '91628698', 2),
(91628698, '91628698', 3),
(91628699, '91628699', 1),
(91628699, '91628699', 2),
(91628699, '91628699', 3),
(91628700, '91628700', 1),
(91628700, '91628700', 2),
(91628700, '91628700', 3),
(91628701, '91628701', 1),
(91628701, '91628701', 2),
(91628701, '91628701', 3),
(91628702, '91628702', 1),
(91628702, '91628702', 2),
(91628702, '91628702', 3),
(91628703, '91628703', 1),
(91628703, '91628703', 2),
(91628703, '91628703', 3),
(91628704, '91628704', 1),
(91628704, '91628704', 2),
(91628704, '91628704', 3),
(91628705, '91628705', 1),
(91628705, '91628705', 2),
(91628705, '91628705', 3),
(91628706, '91628706', 1),
(91628706, '91628706', 2),
(91628706, '91628706', 3),
(91628707, '91628707', 1),
(91628707, '91628707', 2),
(91628707, '91628707', 3),
(91628708, '91628708', 1),
(91628708, '91628708', 2),
(91628708, '91628708', 3),
(91628709, '91628709', 1),
(91628709, '91628709', 2),
(91628709, '91628709', 3),
(91628710, '91628710', 1),
(91628710, '91628710', 2),
(91628710, '91628710', 3),
(91628711, '91628711', 1),
(91628711, '91628711', 2),
(91628711, '91628711', 3),
(91628712, '91628712', 1),
(91628712, '91628712', 2),
(91628712, '91628712', 3),
(91628713, '91628713', 1),
(91628713, '91628713', 2),
(91628713, '91628713', 3),
(91628714, '91628714', 1),
(91628714, '91628714', 2),
(91628714, '91628714', 3),
(91628715, '91628715', 1),
(91628715, '91628715', 2),
(91628715, '91628715', 3),
(91628716, '91628716', 1),
(91628716, '91628716', 2),
(91628716, '91628716', 3),
(91628717, '91628717', 1),
(91628717, '91628717', 2),
(91628717, '91628717', 3),
(91628718, '91628718', 1),
(91628718, '91628718', 2),
(91628718, '91628718', 3),
(91628719, '91628719', 1),
(91628719, '91628719', 2),
(91628719, '91628719', 3),
(91628720, '91628720', 1),
(91628720, '91628720', 2),
(91628720, '91628720', 3),
(91628721, '91628721', 1),
(91628721, '91628721', 2),
(91628721, '91628721', 3),
(91628722, '91628722', 1),
(91628722, '91628722', 2),
(91628722, '91628722', 3),
(91628723, '91628723', 1),
(91628723, '91628723', 2),
(91628723, '91628723', 3),
(91628724, '91628724', 1),
(91628724, '91628724', 2),
(91628724, '91628724', 3),
(91628725, '91628725', 1),
(91628725, '91628725', 2),
(91628725, '91628725', 3),
(91628726, '91628726', 1),
(91628726, '91628726', 2),
(91628726, '91628726', 3),
(91628727, '91628727', 1),
(91628727, '91628727', 2),
(91628727, '91628727', 3),
(91628728, '91628728', 1),
(91628728, '91628728', 2),
(91628728, '91628728', 3),
(91628729, '91628729', 1),
(91628729, '91628729', 2),
(91628729, '91628729', 3),
(91628730, '91628730', 1),
(91628730, '91628730', 2),
(91628730, '91628730', 3),
(91628731, '91628731', 1),
(91628731, '91628731', 2),
(91628731, '91628731', 3),
(91628732, '91628732', 1),
(91628732, '91628732', 2),
(91628732, '91628732', 3),
(91628733, '91628733', 1),
(91628733, '91628733', 2),
(91628733, '91628733', 3),
(91628734, '91628734', 1),
(91628734, '91628734', 2),
(91628734, '91628734', 3),
(91628735, '91628735', 1),
(91628735, '91628735', 2),
(91628735, '91628735', 3),
(91628736, '91628736', 1),
(91628736, '91628736', 2),
(91628736, '91628736', 3),
(91628737, '91628737', 1),
(91628737, '91628737', 2),
(91628737, '91628737', 3),
(91628738, '91628738', 1),
(91628738, '91628738', 2),
(91628738, '91628738', 3),
(91628739, '91628739', 1),
(91628739, '91628739', 2),
(91628739, '91628739', 3),
(91628740, '91628740', 1),
(91628740, '91628740', 2),
(91628740, '91628740', 3),
(91628741, '91628741', 1),
(91628741, '91628741', 2),
(91628741, '91628741', 3),
(91628742, '91628742', 1),
(91628742, '91628742', 2),
(91628742, '91628742', 3),
(91628743, '91628743', 1),
(91628743, '91628743', 2),
(91628743, '91628743', 3),
(91628744, '91628744', 1),
(91628744, '91628744', 2),
(91628744, '91628744', 3),
(91628745, '91628745', 1),
(91628745, '91628745', 2),
(91628745, '91628745', 3),
(91628746, '91628746', 1),
(91628746, '91628746', 2),
(91628746, '91628746', 3),
(91628747, '91628747', 1),
(91628747, '91628747', 2),
(91628747, '91628747', 3),
(91628748, '91628748', 1),
(91628748, '91628748', 2),
(91628748, '91628748', 3),
(91628749, '91628749', 1),
(91628749, '91628749', 2),
(91628749, '91628749', 3),
(91628750, '91628750', 1),
(91628750, '91628750', 2),
(91628750, '91628750', 3),
(91628751, '91628751', 1),
(91628751, '91628751', 2),
(91628751, '91628751', 3),
(91628752, '91628752', 1),
(91628752, '91628752', 2),
(91628752, '91628752', 3),
(91628753, '91628753', 1),
(91628753, '91628753', 2),
(91628753, '91628753', 3),
(91628754, '91628754', 1),
(91628754, '91628754', 2),
(91628754, '91628754', 3),
(91628755, '91628755', 1),
(91628755, '91628755', 2),
(91628755, '91628755', 3),
(91628756, '91628756', 1),
(91628756, '91628756', 2),
(91628756, '91628756', 3),
(91628757, '91628757', 1),
(91628757, '91628757', 2),
(91628757, '91628757', 3),
(91628758, '91628758', 1),
(91628758, '91628758', 2),
(91628758, '91628758', 3),
(91628759, '91628759', 1),
(91628759, '91628759', 2),
(91628759, '91628759', 3),
(91628760, '91628760', 1),
(91628760, '91628760', 2),
(91628760, '91628760', 3),
(91628761, '91628761', 1),
(91628761, '91628761', 2),
(91628761, '91628761', 3),
(91628762, '91628762', 1),
(91628762, '91628762', 2),
(91628762, '91628762', 3),
(91628763, '91628763', 1),
(91628763, '91628763', 2),
(91628763, '91628763', 3),
(91628764, '91628764', 1),
(91628764, '91628764', 2),
(91628764, '91628764', 3),
(91628765, '91628765', 1),
(91628765, '91628765', 2),
(91628765, '91628765', 3),
(91628766, '91628766', 1),
(91628766, '91628766', 2),
(91628766, '91628766', 3),
(91628767, '91628767', 1),
(91628767, '91628767', 2),
(91628767, '91628767', 3),
(91628768, '91628768', 1),
(91628768, '91628768', 2),
(91628768, '91628768', 3),
(91628769, '91628769', 1),
(91628769, '91628769', 2),
(91628769, '91628769', 3),
(91628770, '91628770', 1),
(91628770, '91628770', 2),
(91628770, '91628770', 3),
(91628771, '91628771', 1),
(91628771, '91628771', 2),
(91628771, '91628771', 3),
(91628772, '91628772', 1),
(91628772, '91628772', 2),
(91628772, '91628772', 3),
(91628773, '91628773', 1),
(91628773, '91628773', 2),
(91628773, '91628773', 3),
(91628774, '91628774', 1),
(91628774, '91628774', 2),
(91628774, '91628774', 3),
(91628775, '91628775', 1),
(91628775, '91628775', 2),
(91628775, '91628775', 3),
(91628776, '91628776', 1),
(91628776, '91628776', 2),
(91628776, '91628776', 3),
(91628777, '91628777', 1),
(91628777, '91628777', 2),
(91628777, '91628777', 3),
(91628778, '91628778', 1),
(91628778, '91628778', 2),
(91628778, '91628778', 3),
(91628779, '91628779', 1),
(91628779, '91628779', 2),
(91628779, '91628779', 3),
(91628780, '91628780', 1),
(91628780, '91628780', 2),
(91628780, '91628780', 3),
(91628781, '91628781', 1),
(91628781, '91628781', 2),
(91628781, '91628781', 3),
(91628782, '91628782', 1),
(91628782, '91628782', 2),
(91628782, '91628782', 3),
(91628783, '91628783', 1),
(91628783, '91628783', 2),
(91628783, '91628783', 3),
(91628784, '91628784', 1),
(91628784, '91628784', 2),
(91628784, '91628784', 3),
(91628785, '91628785', 1),
(91628785, '91628785', 2),
(91628785, '91628785', 3),
(91628786, '91628786', 1),
(91628786, '91628786', 2),
(91628786, '91628786', 3),
(91628787, '91628787', 1),
(91628787, '91628787', 2),
(91628787, '91628787', 3),
(91628788, '91628788', 1),
(91628788, '91628788', 2),
(91628788, '91628788', 3),
(91628789, '91628789', 1),
(91628789, '91628789', 2),
(91628789, '91628789', 3),
(91628790, '91628790', 1),
(91628790, '91628790', 2),
(91628790, '91628790', 3);

--
-- Constraints for dumped tables
--

--
-- Constraints for table `caracteristica_pregunta_proceso`
--
ALTER TABLE `caracteristica_pregunta_proceso`
  ADD CONSTRAINT `caracteristica_pregunta_proceso_ibfk_1` FOREIGN KEY (`id_pregunta_proceso`) REFERENCES `pregunta_proceso` (`id_pregunta_proceso`),
  ADD CONSTRAINT `caracteristica_pregunta_proceso_ibfk_2` FOREIGN KEY (`id_caracteristica_proceso`) REFERENCES `caracteristica_proceso` (`id_caracteristica_proceso`);

--
-- Constraints for table `caracteristica_proceso`
--
ALTER TABLE `caracteristica_proceso`
  ADD CONSTRAINT `caracteristica_proceso_ibfk_1` FOREIGN KEY (`id_factor_proceso`) REFERENCES `factor_proceso` (`id_factor_proceso`);

--
-- Constraints for table `factor_proceso`
--
ALTER TABLE `factor_proceso`
  ADD CONSTRAINT `factor_proceso_ibfk_1` FOREIGN KEY (`id_proceso`) REFERENCES `proceso` (`id_proceso`);

--
-- Constraints for table `fuente_proceso`
--
ALTER TABLE `fuente_proceso`
  ADD CONSTRAINT `fuente_proceso_ibfk_1` FOREIGN KEY (`id_proceso`) REFERENCES `proceso` (`id_proceso`);

--
-- Constraints for table `opciones_respuesta`
--
ALTER TABLE `opciones_respuesta`
  ADD CONSTRAINT `opciones_respuesta_ibfk_1` FOREIGN KEY (`id_tipo_respuesta`) REFERENCES `tipo_respuesta` (`id_tipo_respuesta`);

--
-- Constraints for table `pregunta_fuente_proceso`
--
ALTER TABLE `pregunta_fuente_proceso`
  ADD CONSTRAINT `pregunta_fuente_proceso_ibfk_1` FOREIGN KEY (`id_pregunta_proceso`) REFERENCES `pregunta_proceso` (`id_pregunta_proceso`),
  ADD CONSTRAINT `pregunta_fuente_proceso_ibfk_2` FOREIGN KEY (`id_fuente_proceso`) REFERENCES `fuente_proceso` (`id_fuente_proceso`);

--
-- Constraints for table `pregunta_proceso`
--
ALTER TABLE `pregunta_proceso`
  ADD CONSTRAINT `pregunta_proceso_ibfk_1` FOREIGN KEY (`id_tipo_respuesta`) REFERENCES `tipo_respuesta` (`id_tipo_respuesta`),
  ADD CONSTRAINT `pregunta_proceso_ibfk_2` FOREIGN KEY (`id_proceso`) REFERENCES `proceso` (`id_proceso`);

--
-- Constraints for table `proceso`
--
ALTER TABLE `proceso`
  ADD CONSTRAINT `proceso_ibfk_1` FOREIGN KEY (`id_tipo_proceso`) REFERENCES `tipo_proceso` (`id_tipo_proceso`);

--
-- Constraints for table `respuesta`
--
ALTER TABLE `respuesta`
  ADD CONSTRAINT `respuesta_ibfk_1` FOREIGN KEY (`id_usuario_proceso`) REFERENCES `usuario_fuente_proceso` (`id_usuario_proceso`),
  ADD CONSTRAINT `respuesta_ibfk_2` FOREIGN KEY (`id_fuente_proceso`) REFERENCES `fuente_proceso` (`id_fuente_proceso`),
  ADD CONSTRAINT `respuesta_ibfk_3` FOREIGN KEY (`id_pregunta_proceso`) REFERENCES `pregunta_proceso` (`id_pregunta_proceso`),
  ADD CONSTRAINT `respuesta_ibfk_4` FOREIGN KEY (`id_opcion`) REFERENCES `opciones_respuesta` (`id_opcion`);

--
-- Constraints for table `usuario_fuente_proceso`
--
ALTER TABLE `usuario_fuente_proceso`
  ADD CONSTRAINT `usuario_fuente_proceso_ibfk_1` FOREIGN KEY (`id_fuente_proceso`) REFERENCES `fuente_proceso` (`id_fuente_proceso`);

/*!40101 SET CHARACTER_SET_CLIENT=@OLD_CHARACTER_SET_CLIENT */;
/*!40101 SET CHARACTER_SET_RESULTS=@OLD_CHARACTER_SET_RESULTS */;
/*!40101 SET COLLATION_CONNECTION=@OLD_COLLATION_CONNECTION */;
